,FITIN,FRIEND1,FRIEND2,FRIEND5,DEVICEA,DEVICEC,INTREQ,SNS1_1,SNS1_2,SNS1_3,SNS1_3,SNS1_4,SNS1_5,SNS1_6,SNS1_7,SNS1_8,SNS2,POST2_1,POST2_2,POST2_3,POST2_4,POST2_5,POST2_6,POST2_7,POST2_8,CELL1_1,OH1A,OH1B,OH1C,OH1D,OH3_1,OH3_2,OH3_3,OH3_4,OH3_5,OH3_6,OH3_7,GENDER,AGE
0,77,3,1,2,2,1,5,0,0,0,0,0,1,0,0,0,,1.0,0.0,1.0,0.0,0.0,0.0,0.0,0.0,,2,77,3,3,0,1,0,0,1,0,0,1,14
1,2,2,1,2,1,1,1,0,1,0,0,1,1,0,0,0,2.0,1.0,1.0,0.0,0.0,1.0,0.0,1.0,0.0,1.0,1,1,1,2,1,1,1,1,1,0,0,1,15
2,2,2,1,3,1,1,2,0,0,0,0,0,0,0,0,1,,,,,,,,,,0.0,1,1,1,1,0,0,0,0,0,0,1,2,13
3,1,4,3,2,1,1,1,0,1,1,1,1,1,0,1,0,6.0,0.0,0.0,0.0,0.0,1.0,0.0,1.0,0.0,1.0,2,1,1,1,1,0,0,0,0,0,0,1,17
4,2,4,4,2,2,1,2,0,0,1,1,0,1,0,0,0,5.0,1.0,0.0,1.0,0.0,0.0,0.0,0.0,0.0,0.0,1,1,1,1,0,0,0,0,0,0,1,2,15
5,2,2,1,2,1,1,2,0,1,0,0,1,1,0,0,0,2.0,0.0,0.0,0.0,0.0,0.0,0.0,0.0,1.0,0.0,1,1,2,1,0,0,0,0,0,0,1,2,13
6,2,1,1,2,1,1,1,1,0,0,0,1,1,0,0,0,1.0,1.0,1.0,1.0,0.0,1.0,1.0,1.0,0.0,0.0,1,3,1,1,1,0,1,0,0,0,0,2,17
7,98,1,1,2,1,1,1,1,1,1,1,1,0,0,0,0,3.0,1.0,1.0,1.0,0.0,1.0,0.0,1.0,0.0,0.0,2,1,2,3,1,1,1,0,1,1,0,2,17
8,1,4,3,2,2,1,5,0,0,0,0,0,0,0,0,1,,,,,,,,,,,1,1,2,2,0,0,0,0,0,0,1,1,14
9,1,4,3,1,1,1,1,1,1,0,0,1,1,1,0,0,6.0,0.0,0.0,0.0,1.0,0.0,0.0,1.0,0.0,0.0,1,1,1,1,1,1,1,0,1,1,0,2,13
10,2,4,1,2,1,1,1,0,1,1,1,1,1,0,0,0,3.0,1.0,0.0,1.0,0.0,0.0,0.0,1.0,0.0,1.0,1,2,1,2,1,0,1,0,0,0,0,2,13
11,1,3,1,2,1,1,3,0,1,0,0,1,1,0,0,0,4.0,0.0,0.0,1.0,0.0,0.0,0.0,0.0,0.0,0.0,1,2,2,1,0,0,0,0,0,0,1,1,15
12,2,2,1,2,1,2,1,1,1,0,0,1,1,1,0,0,4.0,1.0,1.0,1.0,0.0,1.0,0.0,1.0,0.0,1.0,1,3,2,1,1,0,1,0,1,1,0,2,15
13,2,2,1,3,1,1,1,0,1,1,1,1,1,0,0,0,4.0,1.0,1.0,1.0,0.0,1.0,0.0,1.0,0.0,1.0,1,1,1,2,1,1,1,1,1,1,0,2,14
14,2,3,2,3,1,1,2,0,1,1,1,0,1,0,0,0,3.0,1.0,0.0,0.0,0.0,0.0,0.0,0.0,0.0,0.0,2,1,1,1,0,0,0,0,0,0,1,2,17
15,1,3,2,2,1,1,1,1,1,1,1,1,1,0,0,0,3.0,1.0,1.0,0.0,0.0,0.0,0.0,0.0,0.0,0.0,2,2,2,2,0,0,0,0,0,0,1,1,16
16,1,1,2,2,1,1,2,0,0,0,0,0,1,0,0,0,,0.0,0.0,0.0,0.0,0.0,0.0,0.0,1.0,0.0,2,3,2,2,0,0,0,0,0,0,1,1,16
17,1,2,1,2,1,1,1,0,1,1,1,1,1,0,0,0,4.0,0.0,0.0,0.0,0.0,0.0,0.0,1.0,0.0,0.0,1,1,1,1,0,0,0,0,1,0,0,1,14
18,1,1,1,4,1,1,2,1,1,0,0,1,0,0,0,0,4.0,1.0,0.0,0.0,0.0,0.0,0.0,0.0,0.0,1.0,1,1,1,2,0,1,1,0,0,0,0,1,15
19,1,2,2,3,1,1,2,1,1,0,0,1,1,0,0,0,4.0,0.0,0.0,0.0,0.0,0.0,0.0,0.0,1.0,0.0,1,1,1,1,0,0,0,0,0,1,0,1,15
20,2,1,1,2,1,1,2,0,1,0,0,1,1,0,0,0,4.0,1.0,0.0,1.0,0.0,1.0,0.0,1.0,0.0,1.0,1,1,1,1,0,0,0,0,0,0,1,1,13
21,2,3,3,3,1,1,1,0,0,0,0,1,0,0,1,0,6.0,0.0,0.0,1.0,0.0,0.0,0.0,0.0,0.0,1.0,2,1,2,2,0,1,0,0,1,0,0,1,16
22,1,1,1,2,1,1,1,0,1,0,0,1,1,0,0,0,4.0,0.0,0.0,1.0,0.0,0.0,0.0,0.0,0.0,0.0,3,3,3,3,0,0,0,0,0,0,1,1,15
23,1,4,4,2,2,1,1,0,0,0,0,0,0,0,0,1,,,,,,,,,,,1,2,2,3,0,0,1,0,0,0,0,1,14
24,1,2,1,4,1,2,2,0,0,0,0,0,1,0,0,0,,1.0,0.0,0.0,0.0,0.0,0.0,1.0,0.0,1.0,1,1,1,2,0,0,0,0,0,0,1,2,13
25,2,4,3,2,1,1,2,0,1,1,1,0,1,0,0,0,3.0,0.0,0.0,0.0,0.0,0.0,0.0,0.0,1.0,0.0,1,1,1,2,0,0,0,0,0,0,1,1,15
26,2,1,1,2,1,1,1,1,1,1,1,1,1,0,0,0,3.0,1.0,1.0,1.0,1.0,1.0,1.0,1.0,0.0,1.0,1,1,1,1,1,1,1,1,1,1,0,2,14
27,1,3,1,3,1,1,1,0,1,1,1,1,1,0,0,0,4.0,1.0,1.0,1.0,0.0,1.0,0.0,1.0,0.0,1.0,1,1,1,2,1,0,0,0,1,1,0,1,17
28,1,2,4,2,1,1,3,0,0,0,0,0,1,0,0,0,,0.0,0.0,0.0,0.0,0.0,0.0,0.0,1.0,1.0,1,1,2,2,1,0,1,1,1,1,0,2,16
29,1,4,4,1,1,1,1,0,0,0,0,1,1,0,0,0,5.0,0.0,0.0,1.0,0.0,0.0,1.0,0.0,0.0,0.0,1,1,1,2,0,0,0,0,0,0,1,1,17
30,1,1,3,2,1,1,2,0,0,0,0,1,1,0,0,0,5.0,1.0,0.0,1.0,1.0,0.0,0.0,0.0,0.0,1.0,1,1,2,2,1,0,0,0,0,0,0,2,13
31,1,4,4,2,1,1,1,0,0,0,0,0,0,0,0,1,,,,,,,,,,0.0,2,1,1,1,0,0,0,0,0,0,1,2,13
32,1,4,2,3,1,1,1,0,1,1,1,1,1,0,0,0,4.0,1.0,0.0,1.0,0.0,0.0,0.0,1.0,0.0,1.0,1,1,1,1,0,0,0,0,0,0,1,2,14
33,2,2,1,3,1,1,2,1,1,0,0,1,1,0,1,0,4.0,1.0,1.0,0.0,0.0,0.0,0.0,1.0,0.0,1.0,1,1,1,1,0,0,1,0,0,0,0,1,16
34,2,3,1,2,1,1,2,0,1,0,0,1,1,0,0,0,4.0,1.0,0.0,1.0,0.0,0.0,0.0,0.0,0.0,1.0,2,2,2,2,0,0,0,0,0,0,1,2,15
35,1,4,1,3,1,1,1,1,1,1,1,1,1,0,0,0,4.0,0.0,0.0,0.0,0.0,0.0,0.0,0.0,1.0,1.0,1,2,1,2,0,0,0,0,1,0,0,1,15
36,2,1,1,2,1,1,2,0,1,1,1,1,1,0,0,0,4.0,1.0,0.0,1.0,0.0,0.0,1.0,0.0,0.0,0.0,1,2,3,2,1,0,1,0,0,0,0,2,14
37,1,2,1,3,1,1,1,0,1,0,0,1,1,0,0,0,4.0,1.0,0.0,1.0,0.0,0.0,0.0,0.0,0.0,0.0,1,2,1,2,0,0,0,0,0,0,1,2,15
38,1,4,1,2,1,1,1,0,1,1,1,1,1,0,0,0,5.0,0.0,0.0,0.0,0.0,0.0,0.0,0.0,1.0,1.0,1,1,1,1,0,1,1,0,0,0,0,1,13
39,2,3,1,2,1,1,1,0,0,1,1,0,1,1,1,0,5.0,0.0,0.0,0.0,0.0,0.0,0.0,0.0,1.0,0.0,1,1,1,2,0,0,0,0,0,0,1,2,15
40,2,4,1,2,1,1,1,1,1,0,0,1,1,0,0,0,5.0,0.0,0.0,0.0,1.0,0.0,0.0,0.0,0.0,1.0,1,1,1,2,1,0,0,0,0,0,0,1,13
41,1,4,4,2,1,1,1,0,1,0,0,1,1,0,0,0,4.0,1.0,1.0,1.0,0.0,0.0,0.0,1.0,0.0,0.0,1,1,1,1,0,0,0,0,0,0,0,2,17
42,2,2,1,3,1,1,2,1,1,1,1,1,1,0,0,0,2.0,1.0,1.0,1.0,1.0,0.0,0.0,1.0,0.0,1.0,1,2,2,1,1,0,1,0,1,0,0,2,13
43,2,2,1,2,1,1,2,0,1,0,0,1,1,0,0,0,5.0,1.0,1.0,1.0,0.0,0.0,0.0,0.0,0.0,0.0,3,3,3,3,1,1,1,0,1,0,0,1,17
44,2,1,1,4,1,1,2,0,1,0,0,1,0,0,0,0,4.0,1.0,0.0,0.0,0.0,0.0,0.0,0.0,0.0,0.0,2,3,3,2,0,0,0,0,0,0,1,2,14
45,2,4,4,2,1,1,2,0,1,1,1,1,1,0,0,0,2.0,1.0,1.0,1.0,0.0,1.0,0.0,1.0,0.0,0.0,1,1,2,2,1,1,1,0,1,1,0,2,17
46,1,1,2,2,1,1,1,0,0,1,1,0,1,0,0,0,3.0,0.0,0.0,1.0,0.0,1.0,1.0,0.0,0.0,0.0,1,3,2,2,1,0,1,0,0,1,0,2,13
47,2,3,1,2,1,1,3,0,1,1,1,1,1,0,0,0,4.0,1.0,0.0,1.0,0.0,0.0,0.0,0.0,0.0,1.0,2,2,1,1,0,0,0,0,0,0,1,2,17
48,1,2,2,3,2,1,2,1,1,1,1,1,1,0,0,0,2.0,1.0,0.0,1.0,0.0,0.0,0.0,0.0,0.0,0.0,2,3,2,3,0,0,1,0,0,1,0,1,13
49,1,3,1,2,1,2,1,1,1,1,1,1,1,0,0,0,2.0,0.0,1.0,0.0,1.0,1.0,0.0,1.0,0.0,0.0,1,1,1,1,1,0,1,0,0,1,0,1,17
50,1,1,4,2,1,2,3,0,1,1,1,1,1,0,0,0,4.0,0.0,0.0,1.0,0.0,0.0,0.0,1.0,0.0,0.0,3,1,2,3,0,0,0,0,0,0,1,2,17
51,1,4,3,2,1,1,2,0,0,0,0,0,1,0,0,0,,0.0,0.0,0.0,0.0,0.0,0.0,0.0,1.0,1.0,3,3,3,2,1,0,0,0,0,1,0,2,14
52,2,3,1,2,1,1,1,1,1,1,1,1,1,1,0,0,4.0,1.0,1.0,1.0,1.0,1.0,0.0,1.0,0.0,1.0,2,2,1,2,0,0,0,0,1,1,0,2,16
53,1,3,1,2,1,1,1,0,1,0,0,0,1,0,0,0,5.0,1.0,0.0,1.0,0.0,0.0,0.0,0.0,0.0,1.0,1,2,1,1,0,0,0,0,0,0,1,2,14
54,2,2,2,2,1,1,2,0,1,0,0,1,1,0,0,0,5.0,1.0,1.0,1.0,0.0,0.0,0.0,0.0,0.0,0.0,2,3,2,2,1,1,0,0,0,0,0,1,13
55,1,2,2,4,1,1,2,1,1,0,0,1,1,0,0,0,2.0,1.0,1.0,1.0,0.0,0.0,1.0,1.0,0.0,0.0,2,2,2,1,0,0,0,0,0,0,1,2,17
56,1,4,1,2,1,1,1,1,1,0,0,1,1,1,0,0,5.0,0.0,0.0,0.0,0.0,0.0,0.0,0.0,1.0,0.0,2,1,1,1,0,0,0,0,0,0,1,1,13
57,2,3,1,3,1,1,1,0,1,0,0,1,1,0,1,0,5.0,1.0,0.0,0.0,0.0,1.0,0.0,1.0,0.0,1.0,2,1,1,2,0,0,0,0,0,0,1,1,16
58,1,2,1,2,1,1,1,0,1,0,0,1,1,0,0,0,5.0,1.0,0.0,1.0,0.0,0.0,0.0,0.0,0.0,0.0,2,2,2,2,0,0,1,0,1,1,0,1,17
59,2,3,2,2,1,1,1,0,1,1,1,1,1,0,0,0,2.0,1.0,0.0,0.0,0.0,1.0,0.0,1.0,0.0,1.0,1,2,1,1,1,0,0,0,0,1,0,2,17
60,2,1,1,2,1,2,1,1,1,1,1,1,1,0,0,0,4.0,1.0,0.0,1.0,0.0,0.0,0.0,1.0,0.0,1.0,1,2,2,2,1,0,1,0,1,0,0,2,15
61,1,1,2,2,1,1,1,0,0,1,1,1,1,0,0,0,3.0,1.0,1.0,1.0,0.0,0.0,0.0,0.0,0.0,1.0,1,1,1,1,1,1,1,0,1,0,0,2,14
62,2,4,1,2,1,1,1,0,1,0,0,1,1,0,0,0,5.0,0.0,0.0,0.0,0.0,0.0,0.0,0.0,1.0,1.0,1,1,2,2,0,0,0,0,0,0,1,2,14
63,1,3,2,2,1,1,1,0,1,1,1,1,1,0,0,0,5.0,1.0,0.0,0.0,0.0,0.0,0.0,0.0,0.0,0.0,1,1,2,2,0,0,0,0,0,0,1,1,13
64,1,2,1,2,1,1,1,0,0,1,1,0,0,0,0,0,,0.0,1.0,1.0,0.0,0.0,0.0,1.0,0.0,1.0,1,1,1,1,1,1,1,1,1,1,0,2,16
65,1,2,2,2,1,1,4,0,1,0,0,1,1,0,0,0,5.0,1.0,0.0,1.0,0.0,0.0,0.0,0.0,0.0,0.0,1,1,1,2,1,0,1,0,0,1,0,1,13
66,1,2,1,2,1,1,1,1,1,0,0,1,1,0,0,0,4.0,1.0,1.0,1.0,0.0,0.0,0.0,1.0,0.0,1.0,1,1,1,1,1,0,1,0,1,1,0,2,15
67,2,3,1,2,1,1,2,0,0,1,1,0,1,0,0,0,5.0,0.0,1.0,1.0,0.0,0.0,0.0,0.0,0.0,0.0,2,1,1,1,1,0,0,0,1,0,0,2,16
68,2,2,1,3,1,1,1,0,1,1,1,1,1,0,0,0,4.0,1.0,0.0,1.0,1.0,1.0,0.0,1.0,0.0,1.0,1,1,1,1,0,0,0,0,0,0,1,2,17
69,2,4,4,1,1,2,5,0,0,1,1,0,1,0,0,0,5.0,0.0,1.0,1.0,0.0,0.0,0.0,1.0,0.0,0.0,1,1,1,1,1,1,1,1,1,1,0,2,17
70,2,3,1,2,1,1,1,1,1,1,1,1,1,1,0,0,4.0,1.0,1.0,1.0,1.0,0.0,0.0,1.0,0.0,1.0,1,1,1,1,1,0,1,0,1,0,0,2,15
71,2,1,1,2,1,1,1,1,0,0,0,0,1,1,0,0,5.0,0.0,0.0,0.0,0.0,0.0,0.0,0.0,1.0,0.0,1,1,1,1,0,0,0,0,0,0,1,2,16
72,2,2,1,2,1,1,2,0,1,1,1,1,0,0,0,0,4.0,0.0,0.0,1.0,0.0,0.0,0.0,0.0,0.0,0.0,2,1,1,1,1,0,0,0,1,0,0,2,14
73,2,2,2,3,1,1,2,0,1,0,0,1,0,0,0,0,2.0,0.0,0.0,0.0,0.0,0.0,1.0,0.0,0.0,1.0,3,3,2,3,0,0,0,0,0,0,1,2,17
74,2,3,3,2,1,2,1,1,1,1,1,1,1,0,0,0,4.0,1.0,1.0,1.0,0.0,1.0,0.0,1.0,0.0,0.0,1,1,1,2,1,1,1,0,1,0,0,2,15
75,1,3,2,2,1,1,1,1,1,1,1,1,1,1,0,0,2.0,0.0,1.0,0.0,0.0,1.0,0.0,0.0,0.0,1.0,1,3,2,1,1,1,0,0,1,0,0,2,15
76,1,1,3,2,1,2,4,0,0,1,1,0,1,0,0,0,5.0,0.0,0.0,0.0,0.0,0.0,0.0,0.0,1.0,0.0,1,1,1,1,0,0,0,0,0,0,1,1,13
77,2,3,1,3,1,1,1,1,1,0,0,1,1,0,0,0,2.0,1.0,0.0,0.0,0.0,0.0,0.0,1.0,0.0,1.0,1,2,1,3,0,0,0,0,1,0,0,2,17
78,2,2,1,2,1,1,1,1,1,1,1,1,1,0,0,0,4.0,1.0,1.0,1.0,0.0,1.0,0.0,1.0,0.0,1.0,1,1,3,3,1,1,1,1,1,1,0,2,16
79,1,3,1,2,1,1,3,0,0,0,0,0,1,0,0,0,,0.0,0.0,0.0,0.0,0.0,0.0,0.0,1.0,0.0,1,1,1,1,0,0,0,0,0,0,1,2,15
80,2,2,4,2,1,1,2,0,0,0,0,0,1,0,0,0,,0.0,0.0,0.0,0.0,0.0,0.0,0.0,1.0,0.0,1,2,2,1,0,0,0,0,0,0,1,1,13
81,2,4,3,2,1,1,1,1,0,1,1,0,1,0,0,0,5.0,0.0,0.0,0.0,0.0,0.0,0.0,0.0,1.0,0.0,1,1,1,3,0,0,0,0,0,0,1,1,15
82,1,2,3,2,1,1,2,0,1,0,0,1,1,1,0,0,4.0,1.0,1.0,0.0,1.0,1.0,0.0,1.0,0.0,1.0,1,2,2,1,1,0,0,0,1,0,0,1,17
83,2,2,2,2,1,1,1,0,1,1,1,1,1,0,0,0,4.0,1.0,1.0,1.0,0.0,1.0,0.0,1.0,0.0,1.0,2,2,2,1,0,0,0,0,0,0,1,2,17
84,2,4,2,4,1,1,1,0,1,0,0,1,1,0,0,0,5.0,1.0,0.0,1.0,0.0,0.0,0.0,1.0,0.0,1.0,1,1,1,1,0,0,0,0,1,0,0,2,15
85,2,4,1,3,1,1,1,1,1,1,1,1,1,1,0,0,4.0,0.0,1.0,0.0,0.0,0.0,0.0,1.0,0.0,1.0,1,1,1,1,1,0,1,0,1,0,0,2,17
86,2,4,1,2,1,1,1,1,1,1,1,1,1,0,0,0,1.0,1.0,1.0,1.0,0.0,1.0,1.0,1.0,0.0,1.0,1,1,1,2,0,0,0,0,0,0,1,2,16
87,1,2,1,2,1,1,1,1,1,1,1,1,1,0,0,0,4.0,1.0,1.0,1.0,0.0,0.0,1.0,0.0,0.0,0.0,1,1,1,1,0,0,1,0,1,1,0,2,16
88,1,4,1,2,1,1,1,0,0,0,0,1,1,0,0,0,5.0,0.0,0.0,0.0,0.0,0.0,0.0,0.0,1.0,0.0,2,2,2,2,1,0,0,0,0,1,0,1,16
89,2,1,1,2,1,1,1,0,1,0,0,1,1,0,0,0,4.0,1.0,1.0,1.0,0.0,0.0,1.0,0.0,0.0,1.0,1,2,1,1,1,0,1,0,0,1,0,1,15
90,1,1,1,2,1,1,1,1,1,0,0,1,1,0,0,0,2.0,0.0,0.0,0.0,1.0,1.0,0.0,1.0,0.0,1.0,1,2,2,1,0,0,0,0,1,0,0,2,15
91,1,2,1,2,1,1,2,0,1,1,1,1,0,0,0,0,3.0,0.0,0.0,0.0,0.0,0.0,0.0,1.0,0.0,0.0,1,1,1,1,0,0,0,0,0,0,1,1,15
92,2,2,2,3,1,1,1,0,1,1,1,1,1,0,0,0,2.0,0.0,0.0,1.0,0.0,0.0,0.0,0.0,0.0,0.0,3,3,3,3,0,0,0,0,0,0,1,1,13
93,2,3,2,2,1,1,1,1,1,0,0,1,1,0,0,0,1.0,1.0,0.0,1.0,0.0,0.0,0.0,0.0,0.0,0.0,2,2,1,2,0,0,1,0,0,0,0,1,16
94,2,2,1,2,1,1,2,0,1,0,0,1,1,0,0,0,4.0,1.0,1.0,0.0,0.0,1.0,0.0,1.0,0.0,1.0,1,2,1,1,1,0,1,1,1,0,0,2,13
95,1,4,3,4,1,1,2,0,0,0,0,1,1,0,0,0,5.0,0.0,0.0,1.0,0.0,0.0,0.0,1.0,0.0,0.0,1,1,1,2,0,0,0,0,0,0,1,2,13
96,2,4,2,2,1,1,1,0,1,1,1,1,1,0,0,0,5.0,0.0,0.0,1.0,0.0,0.0,0.0,0.0,0.0,1.0,1,1,1,2,0,0,0,0,0,0,1,2,17
97,1,1,1,3,1,1,2,1,1,1,1,1,1,0,0,0,4.0,1.0,1.0,1.0,1.0,1.0,0.0,1.0,0.0,0.0,2,2,1,1,1,1,1,0,1,0,0,2,14
98,2,3,3,2,1,1,2,0,1,1,1,0,1,0,0,0,2.0,1.0,0.0,0.0,0.0,0.0,0.0,0.0,0.0,0.0,2,2,1,1,0,0,0,0,0,1,0,2,14
99,2,4,3,2,1,1,2,0,0,0,0,0,0,0,0,1,,,,,,,,,,0.0,1,2,1,1,1,1,1,0,0,1,0,1,13
100,2,2,1,2,98,2,2,0,1,1,1,1,0,0,0,0,2.0,0.0,0.0,0.0,0.0,0.0,1.0,1.0,0.0,0.0,3,1,1,3,1,0,0,0,1,1,0,1,16
101,2,2,1,2,1,1,1,1,0,1,1,1,0,0,0,0,3.0,0.0,0.0,1.0,0.0,0.0,1.0,1.0,0.0,1.0,2,1,2,2,1,0,0,0,0,0,0,2,14
102,2,1,1,2,1,1,2,1,1,1,1,1,1,0,0,0,4.0,1.0,0.0,1.0,0.0,0.0,0.0,0.0,0.0,0.0,3,1,1,1,1,1,1,1,1,0,0,2,17
103,2,4,2,2,1,1,2,0,1,0,0,1,1,0,0,0,2.0,1.0,0.0,1.0,0.0,0.0,1.0,0.0,0.0,1.0,1,1,1,1,1,0,0,0,0,0,0,2,14
104,1,2,2,2,1,1,3,0,1,0,0,1,0,0,0,0,4.0,1.0,0.0,1.0,0.0,1.0,0.0,1.0,0.0,0.0,1,1,1,1,0,0,1,0,0,0,0,2,14
105,1,4,1,2,1,1,1,0,0,0,0,0,1,0,0,0,,0.0,0.0,0.0,0.0,0.0,0.0,0.0,1.0,0.0,2,2,1,2,0,0,0,0,0,0,1,1,13
106,1,3,2,2,1,1,1,1,1,1,1,0,1,0,0,0,3.0,1.0,0.0,1.0,1.0,0.0,0.0,1.0,0.0,1.0,1,1,1,1,0,0,0,0,0,0,1,1,16
107,2,2,2,2,1,1,2,1,1,1,1,1,1,0,0,0,4.0,1.0,1.0,1.0,1.0,1.0,1.0,1.0,0.0,0.0,2,2,2,1,0,0,0,0,0,1,0,2,14
108,2,3,3,2,1,1,1,0,0,0,0,0,1,0,0,0,,0.0,0.0,0.0,0.0,0.0,0.0,1.0,0.0,0.0,2,1,2,2,1,0,0,0,0,0,0,1,17
109,1,4,1,2,1,1,2,1,1,1,1,1,1,1,1,0,6.0,0.0,0.0,0.0,0.0,0.0,0.0,0.0,1.0,0.0,1,1,1,2,1,0,0,0,0,0,0,1,16
110,2,4,2,2,1,1,1,0,1,1,1,1,1,0,0,0,4.0,1.0,1.0,0.0,0.0,0.0,0.0,1.0,0.0,0.0,1,2,2,2,1,0,1,0,0,0,0,2,16
111,1,3,2,2,1,1,1,1,1,1,1,1,1,0,0,0,1.0,0.0,0.0,0.0,1.0,1.0,0.0,1.0,0.0,1.0,3,2,2,2,1,1,0,0,1,1,0,2,17
112,2,2,2,2,1,1,1,1,1,0,0,0,1,0,1,0,6.0,0.0,0.0,0.0,0.0,0.0,0.0,0.0,1.0,0.0,1,1,1,2,0,0,0,0,0,0,1,1,14
113,1,1,1,3,1,1,5,0,0,1,1,1,1,0,0,0,4.0,0.0,0.0,1.0,0.0,0.0,0.0,0.0,0.0,0.0,2,1,2,2,1,0,0,0,0,1,0,1,13
114,77,3,4,2,1,1,2,0,0,0,0,0,0,0,0,1,,,,,,,,,,0.0,1,1,2,2,1,0,0,0,0,0,0,2,13
115,1,3,1,2,1,1,1,1,1,0,0,1,1,0,0,0,4.0,1.0,1.0,1.0,0.0,0.0,0.0,0.0,0.0,1.0,1,1,1,1,1,1,1,1,1,1,0,2,16
116,2,2,2,2,1,1,1,0,1,1,1,1,1,0,0,0,5.0,0.0,1.0,0.0,0.0,0.0,0.0,0.0,0.0,1.0,2,2,1,2,0,0,1,0,0,0,0,2,16
117,1,2,1,3,1,1,2,0,1,1,1,1,1,0,0,0,5.0,0.0,0.0,0.0,0.0,0.0,0.0,0.0,1.0,0.0,1,2,2,3,0,0,0,0,0,0,1,1,15
118,2,1,1,2,1,2,1,0,0,1,1,0,0,0,0,0,,1.0,1.0,1.0,1.0,1.0,1.0,1.0,0.0,0.0,2,2,2,2,0,0,0,0,1,0,0,2,14
119,2,1,1,3,1,1,1,0,1,0,0,1,1,0,0,0,4.0,1.0,0.0,1.0,0.0,0.0,0.0,0.0,0.0,0.0,1,3,2,2,0,1,0,0,0,0,0,1,13
120,1,4,3,2,1,1,4,0,0,1,1,0,1,0,0,0,3.0,0.0,0.0,0.0,0.0,0.0,0.0,0.0,1.0,0.0,3,3,3,3,0,0,0,0,0,0,1,1,15
121,2,4,4,2,1,1,2,0,0,0,0,0,0,0,0,1,,,,,,,,,,0.0,1,1,1,1,0,0,0,0,0,0,1,1,13
122,2,1,1,2,1,1,2,1,1,0,0,1,1,0,0,0,5.0,1.0,0.0,1.0,0.0,0.0,1.0,1.0,0.0,0.0,1,3,2,1,0,0,0,0,0,0,1,1,14
123,2,1,1,4,1,1,4,0,1,1,1,1,1,0,0,0,5.0,1.0,0.0,1.0,0.0,0.0,0.0,0.0,0.0,0.0,3,3,3,2,0,0,0,0,0,0,1,1,14
124,2,4,2,2,1,1,1,0,0,0,0,1,1,1,0,0,6.0,0.0,0.0,0.0,1.0,0.0,0.0,0.0,0.0,0.0,1,1,1,2,0,0,0,0,0,0,1,2,16
125,2,1,1,3,1,1,1,0,1,0,0,1,1,0,0,0,4.0,0.0,1.0,1.0,0.0,0.0,0.0,1.0,0.0,0.0,1,1,1,1,0,0,0,0,1,0,0,1,17
126,2,1,1,2,1,1,2,0,1,0,0,1,1,1,0,0,5.0,1.0,1.0,1.0,0.0,1.0,0.0,1.0,0.0,0.0,1,1,1,1,1,1,1,0,0,0,0,1,17
127,1,2,2,2,1,1,1,0,1,1,1,1,1,0,0,0,5.0,0.0,0.0,0.0,0.0,0.0,0.0,0.0,1.0,0.0,2,2,1,1,0,0,0,0,0,0,1,1,14
128,1,2,2,2,1,1,1,0,1,1,1,1,1,0,0,0,4.0,1.0,1.0,1.0,0.0,0.0,0.0,1.0,0.0,0.0,2,2,2,1,1,0,1,0,0,0,0,2,14
129,1,2,1,2,1,1,1,0,1,0,0,1,1,0,0,0,2.0,1.0,1.0,1.0,0.0,1.0,0.0,1.0,0.0,1.0,3,2,1,3,1,0,0,0,1,1,0,2,15
130,1,3,3,2,1,1,1,1,1,1,1,1,1,0,0,0,5.0,1.0,0.0,0.0,0.0,0.0,0.0,1.0,0.0,0.0,1,1,1,2,0,0,0,0,0,0,1,1,17
131,1,4,1,2,1,1,2,0,1,0,0,1,0,0,0,0,2.0,1.0,0.0,1.0,1.0,0.0,0.0,0.0,0.0,0.0,1,1,1,1,0,0,0,0,0,0,1,2,15
132,2,2,4,2,1,1,2,0,0,0,0,0,1,0,0,0,,0.0,0.0,0.0,0.0,0.0,0.0,0.0,1.0,0.0,3,1,2,1,0,0,0,1,0,0,0,1,13
133,2,3,3,2,1,1,1,0,1,0,0,1,1,0,0,0,5.0,0.0,0.0,0.0,0.0,0.0,0.0,0.0,1.0,0.0,2,2,2,2,0,0,0,0,0,1,0,1,16
134,98,1,1,2,1,1,1,0,1,1,1,1,1,0,0,0,4.0,1.0,0.0,0.0,0.0,0.0,0.0,0.0,0.0,0.0,1,1,1,1,1,0,1,0,1,0,0,2,13
135,1,2,1,2,1,1,1,0,1,1,1,1,1,0,0,0,3.0,0.0,0.0,0.0,0.0,0.0,0.0,0.0,1.0,0.0,1,1,2,2,1,1,1,1,1,1,0,2,16
136,1,2,2,3,1,1,4,0,0,0,0,0,1,0,0,0,,0.0,0.0,0.0,0.0,0.0,0.0,0.0,1.0,0.0,1,1,1,2,0,0,0,0,0,0,1,1,15
137,1,1,1,2,1,1,2,0,1,1,1,1,1,0,0,0,4.0,1.0,0.0,1.0,0.0,0.0,0.0,0.0,0.0,0.0,3,3,3,3,0,0,0,0,0,0,1,1,16
138,2,1,2,3,1,1,2,1,1,1,1,0,1,0,0,0,3.0,0.0,0.0,0.0,0.0,0.0,0.0,0.0,1.0,0.0,3,3,3,3,0,0,0,0,0,0,1,1,17
139,2,1,2,2,1,1,2,0,1,0,0,1,1,0,0,0,2.0,0.0,0.0,0.0,0.0,0.0,0.0,0.0,1.0,0.0,1,1,1,1,1,0,0,0,0,0,0,1,14
140,2,1,1,2,1,1,1,0,1,1,1,1,0,0,0,0,3.0,1.0,0.0,0.0,0.0,0.0,0.0,0.0,0.0,1.0,3,1,1,1,0,0,1,0,1,0,0,2,17
141,2,3,3,2,1,1,2,1,0,0,0,1,1,0,1,0,5.0,0.0,0.0,0.0,0.0,0.0,0.0,0.0,1.0,0.0,2,2,1,2,0,1,0,1,0,0,0,1,15
142,2,2,2,2,1,1,1,0,0,0,0,1,1,0,0,0,5.0,0.0,0.0,0.0,0.0,0.0,0.0,0.0,1.0,0.0,1,1,1,1,1,0,0,0,1,1,0,1,13
143,2,4,4,3,1,1,2,1,1,1,1,1,1,0,1,0,4.0,0.0,0.0,0.0,0.0,0.0,0.0,0.0,1.0,0.0,1,1,1,1,0,0,0,0,0,0,1,2,13
144,1,1,1,3,1,1,1,1,1,0,0,1,1,1,0,0,2.0,1.0,1.0,0.0,0.0,1.0,0.0,1.0,0.0,1.0,1,3,1,1,1,1,1,1,1,1,0,2,14
145,1,4,2,2,1,1,2,0,1,1,1,1,1,0,0,0,3.0,1.0,0.0,1.0,0.0,1.0,0.0,1.0,0.0,1.0,3,3,3,2,1,0,0,1,1,0,0,2,15
146,2,4,1,2,1,1,1,1,1,1,1,1,1,1,0,0,4.0,1.0,0.0,0.0,1.0,1.0,1.0,1.0,0.0,1.0,1,3,1,2,1,0,0,0,0,0,0,2,15
147,1,1,1,2,1,1,1,1,0,0,0,1,1,0,0,0,4.0,1.0,0.0,1.0,0.0,1.0,0.0,0.0,0.0,1.0,1,1,1,2,0,0,0,0,0,0,1,1,17
148,2,1,2,4,1,1,1,1,1,1,1,1,1,0,0,0,2.0,0.0,0.0,0.0,0.0,0.0,0.0,0.0,1.0,1.0,2,1,2,1,0,0,0,0,0,0,1,2,13
149,2,1,1,2,1,1,2,1,1,1,1,1,0,0,0,0,4.0,1.0,0.0,1.0,0.0,0.0,0.0,0.0,0.0,0.0,1,1,2,1,1,0,1,0,0,0,0,2,16
150,1,2,1,2,1,1,1,0,1,0,0,1,0,1,0,0,4.0,1.0,0.0,0.0,0.0,0.0,0.0,1.0,0.0,1.0,2,1,2,1,1,0,1,1,1,1,0,2,15
151,2,2,2,2,1,1,4,0,0,1,1,1,1,0,0,0,4.0,1.0,0.0,1.0,1.0,0.0,1.0,1.0,0.0,1.0,1,1,2,1,0,0,0,0,0,0,1,1,13
152,2,1,1,3,1,1,1,0,1,1,1,0,1,0,0,0,5.0,0.0,0.0,0.0,0.0,0.0,0.0,0.0,1.0,0.0,3,3,3,3,0,0,0,0,0,0,1,1,14
153,1,4,1,2,1,1,2,1,1,0,0,1,1,0,0,0,4.0,1.0,0.0,1.0,0.0,0.0,0.0,0.0,0.0,0.0,1,3,2,1,0,0,0,0,0,0,1,1,15
154,1,2,1,4,1,1,1,1,1,1,1,1,1,0,0,0,4.0,1.0,0.0,1.0,0.0,0.0,0.0,1.0,0.0,0.0,3,3,3,3,1,0,0,0,0,0,0,2,13
155,1,4,1,2,1,1,2,0,0,0,0,0,1,0,1,0,6.0,0.0,0.0,0.0,0.0,0.0,0.0,0.0,1.0,0.0,1,1,1,1,1,1,0,0,0,0,0,1,14
156,2,4,1,2,2,2,2,0,0,0,0,0,1,0,0,0,,0.0,0.0,0.0,0.0,0.0,0.0,0.0,1.0,0.0,2,1,1,1,0,0,0,0,0,0,1,1,13
157,2,1,1,2,1,1,1,1,1,1,1,1,1,0,0,0,3.0,0.0,0.0,0.0,0.0,0.0,0.0,0.0,1.0,1.0,1,2,1,1,1,0,1,0,1,1,0,2,14
158,1,2,1,2,2,1,1,1,1,1,1,1,1,0,0,0,4.0,0.0,0.0,0.0,0.0,0.0,0.0,0.0,1.0,0.0,2,2,2,2,1,1,1,1,1,1,0,1,17
159,2,4,2,2,98,1,2,0,1,1,1,1,1,0,0,0,5.0,0.0,0.0,0.0,0.0,0.0,0.0,0.0,1.0,,2,1,1,1,0,0,0,0,0,0,1,1,14
160,1,1,1,2,1,1,1,1,0,0,0,0,1,0,0,0,5.0,1.0,0.0,0.0,0.0,0.0,0.0,1.0,0.0,0.0,1,1,1,1,0,0,0,0,0,0,1,2,16
161,1,2,2,2,1,2,2,0,0,1,1,0,0,0,0,0,,0.0,0.0,0.0,0.0,1.0,0.0,1.0,0.0,0.0,2,2,3,3,0,0,0,0,1,0,0,2,14
162,1,2,2,3,1,1,2,1,1,1,1,1,1,0,0,0,4.0,1.0,1.0,1.0,0.0,0.0,0.0,0.0,0.0,0.0,2,2,2,1,1,0,1,0,0,1,0,1,15
163,2,1,1,2,1,1,1,1,1,1,1,1,1,1,1,0,6.0,1.0,1.0,0.0,0.0,1.0,0.0,1.0,0.0,0.0,1,1,2,2,1,1,1,1,1,1,0,1,16
164,2,3,3,2,1,1,2,0,1,1,1,1,1,0,0,0,2.0,0.0,0.0,0.0,0.0,0.0,0.0,0.0,1.0,0.0,2,2,2,2,0,0,0,0,0,0,1,2,17
165,2,1,1,2,1,1,2,0,1,0,0,1,1,0,0,0,4.0,1.0,0.0,0.0,0.0,0.0,0.0,0.0,0.0,1.0,3,3,3,2,0,0,0,0,0,0,1,2,13
166,1,2,1,1,1,1,1,1,1,1,1,1,1,1,0,0,5.0,1.0,1.0,0.0,0.0,0.0,0.0,0.0,0.0,1.0,1,1,1,1,0,0,0,0,1,0,0,2,15
167,2,4,1,2,1,1,1,0,1,1,1,1,1,0,0,0,3.0,1.0,0.0,0.0,0.0,0.0,0.0,1.0,0.0,1.0,1,1,1,1,1,1,1,1,1,1,0,2,16
168,2,2,4,2,1,1,1,0,1,0,0,1,1,0,0,0,2.0,1.0,1.0,0.0,0.0,0.0,0.0,0.0,0.0,1.0,1,2,1,2,0,1,0,0,0,0,0,1,16
169,1,4,2,2,1,1,2,0,1,1,1,1,1,0,0,0,5.0,1.0,0.0,0.0,0.0,0.0,0.0,0.0,0.0,0.0,1,1,1,2,1,1,1,0,0,1,0,1,17
170,2,3,2,2,1,1,1,0,1,1,1,1,1,0,0,0,5.0,0.0,0.0,1.0,0.0,0.0,0.0,1.0,0.0,0.0,1,1,1,1,1,0,0,0,0,0,0,1,13
171,2,3,3,3,1,1,2,0,1,0,0,0,0,0,0,0,,0.0,0.0,0.0,0.0,0.0,0.0,0.0,1.0,0.0,2,2,2,1,0,0,0,0,0,0,1,2,16
172,2,4,1,2,1,1,1,1,1,1,1,1,1,0,0,0,4.0,1.0,1.0,0.0,0.0,1.0,0.0,1.0,0.0,1.0,1,3,1,1,1,0,1,0,0,0,0,2,16
173,1,3,3,2,2,1,2,1,0,0,0,0,1,0,0,0,5.0,1.0,0.0,1.0,0.0,0.0,0.0,0.0,0.0,,1,1,2,1,0,0,0,0,0,0,1,2,14
174,1,3,1,2,1,1,2,0,1,1,1,1,1,0,0,0,2.0,1.0,0.0,0.0,0.0,0.0,0.0,0.0,0.0,0.0,1,1,1,1,0,0,0,0,0,0,1,2,16
175,1,2,2,2,1,1,2,0,1,0,0,1,1,0,1,0,2.0,1.0,0.0,1.0,1.0,0.0,0.0,0.0,0.0,0.0,2,2,1,1,1,1,1,1,1,1,0,1,16
176,2,3,1,2,1,1,2,0,1,0,0,0,1,0,1,0,5.0,0.0,0.0,0.0,0.0,0.0,1.0,0.0,0.0,0.0,1,2,1,1,1,0,0,0,0,0,0,1,16
177,2,1,1,2,1,1,1,1,1,1,1,1,1,0,0,0,4.0,1.0,1.0,1.0,0.0,0.0,0.0,0.0,0.0,0.0,1,2,2,2,1,1,1,0,0,0,0,1,17
178,2,4,2,2,1,1,1,0,1,0,0,1,1,0,0,0,5.0,0.0,0.0,0.0,0.0,0.0,0.0,0.0,1.0,0.0,2,2,2,1,1,0,0,0,0,0,0,1,14
179,1,4,1,2,1,1,1,1,1,1,1,1,1,0,0,0,1.0,1.0,1.0,1.0,1.0,1.0,1.0,1.0,0.0,0.0,2,3,1,2,0,0,0,0,1,0,0,2,15
180,2,4,1,4,1,1,5,1,1,1,1,1,1,0,0,0,5.0,0.0,0.0,0.0,0.0,0.0,0.0,0.0,1.0,1.0,2,2,1,2,0,0,0,0,0,1,0,1,14
181,1,1,1,3,1,1,1,1,1,1,1,1,1,0,0,0,2.0,1.0,1.0,0.0,1.0,0.0,0.0,1.0,0.0,1.0,1,1,1,1,1,0,1,0,1,1,0,1,17
182,2,2,4,2,1,2,2,0,1,0,0,1,1,0,0,0,4.0,0.0,0.0,0.0,0.0,0.0,0.0,0.0,1.0,0.0,2,1,2,1,0,0,0,0,0,0,1,2,14
183,2,4,3,1,1,1,2,0,0,0,0,0,0,0,0,1,,,,,,,,,,1.0,1,1,1,2,0,0,0,0,0,0,1,2,13
184,2,1,2,2,1,1,3,0,1,1,1,1,1,0,0,0,5.0,1.0,0.0,1.0,0.0,0.0,0.0,1.0,0.0,0.0,3,3,3,3,0,0,0,0,0,0,1,2,14
185,2,4,1,2,1,1,1,1,1,0,0,1,1,0,1,0,4.0,1.0,0.0,0.0,1.0,0.0,0.0,1.0,0.0,1.0,1,1,2,1,1,0,1,0,0,0,0,2,16
186,1,1,1,4,1,1,2,0,1,0,0,0,0,0,0,0,,1.0,1.0,1.0,0.0,0.0,0.0,0.0,0.0,0.0,2,2,1,1,0,0,0,0,0,0,1,2,14
187,1,2,2,3,1,1,2,1,1,1,1,1,1,0,0,0,4.0,1.0,1.0,0.0,0.0,0.0,0.0,0.0,0.0,0.0,2,1,1,1,0,0,0,0,1,0,0,1,16
188,1,3,2,3,1,1,1,1,1,1,1,0,1,1,1,0,5.0,1.0,0.0,0.0,1.0,0.0,0.0,1.0,0.0,1.0,2,3,2,1,1,0,0,0,1,0,0,2,17
189,1,4,4,2,2,1,1,0,0,0,0,0,1,0,0,0,,0.0,0.0,0.0,0.0,0.0,0.0,0.0,1.0,0.0,1,1,1,1,0,0,0,0,0,0,1,2,16
190,2,2,2,3,1,1,2,0,0,1,1,0,1,0,1,0,6.0,0.0,0.0,0.0,0.0,0.0,0.0,0.0,1.0,1.0,1,1,1,1,1,0,0,0,0,0,0,1,16
191,2,2,1,2,1,1,2,1,1,1,1,1,1,0,0,0,4.0,1.0,1.0,1.0,0.0,1.0,0.0,1.0,0.0,0.0,1,1,1,1,1,1,1,0,1,0,0,2,17
192,2,2,3,3,1,1,2,0,1,1,1,1,1,0,0,0,4.0,1.0,1.0,1.0,0.0,0.0,1.0,1.0,0.0,1.0,1,2,1,1,1,0,1,0,1,1,0,2,16
193,2,1,1,3,1,1,2,0,0,1,1,1,1,0,0,0,4.0,1.0,1.0,1.0,0.0,0.0,0.0,0.0,0.0,1.0,2,2,2,3,0,0,0,0,1,1,0,1,13
194,2,4,1,2,1,1,1,0,1,0,0,1,1,0,0,0,4.0,0.0,0.0,0.0,0.0,0.0,0.0,1.0,0.0,1.0,1,1,2,1,1,1,1,0,1,1,0,2,16
195,2,2,2,2,1,1,2,0,0,0,0,0,1,0,0,0,,0.0,0.0,0.0,0.0,0.0,0.0,0.0,1.0,1.0,1,1,1,1,0,0,0,0,0,0,1,2,14
196,2,4,2,2,1,1,2,1,0,1,1,0,1,0,1,0,5.0,0.0,0.0,1.0,0.0,0.0,0.0,0.0,0.0,0.0,2,1,2,1,1,0,0,0,0,0,0,2,15
197,1,1,1,2,1,1,1,0,0,0,0,1,1,0,0,0,4.0,1.0,0.0,0.0,0.0,0.0,0.0,1.0,0.0,1.0,1,1,1,2,1,0,1,0,0,0,0,2,13
198,1,4,1,2,1,2,1,1,1,1,1,1,1,0,0,0,4.0,0.0,0.0,1.0,0.0,0.0,0.0,0.0,0.0,1.0,1,2,2,3,0,0,0,0,0,0,1,1,13
199,2,4,4,2,1,1,1,1,1,0,0,0,1,0,0,0,5.0,0.0,0.0,0.0,0.0,0.0,0.0,0.0,1.0,1.0,1,1,1,1,0,0,0,0,0,0,1,1,15
200,2,4,1,2,1,1,1,0,0,0,0,0,0,0,0,1,,,,,,,,,,1.0,2,2,1,1,0,0,0,0,0,0,1,2,13
201,2,2,3,2,1,1,2,0,1,1,1,0,1,0,0,0,2.0,1.0,0.0,0.0,0.0,0.0,0.0,0.0,0.0,0.0,1,1,1,1,0,0,0,0,0,0,1,1,17
202,2,1,1,4,1,1,2,0,1,1,1,0,0,0,0,0,2.0,1.0,0.0,0.0,0.0,0.0,0.0,0.0,0.0,1.0,2,2,2,2,0,0,0,0,0,0,1,1,17
203,2,1,2,2,2,1,1,0,0,1,1,1,0,0,0,0,3.0,0.0,0.0,0.0,0.0,0.0,0.0,0.0,1.0,1.0,2,1,1,2,1,1,1,0,0,0,0,1,16
204,1,4,4,2,2,1,3,0,0,0,0,0,1,0,0,0,,0.0,0.0,0.0,0.0,0.0,0.0,0.0,1.0,0.0,2,2,2,2,0,0,0,0,0,0,1,1,17
205,2,4,1,2,1,1,1,1,1,1,1,1,1,0,0,0,2.0,1.0,1.0,0.0,0.0,0.0,0.0,1.0,0.0,1.0,1,1,1,1,1,0,1,0,1,0,0,1,14
206,1,3,4,1,2,1,3,0,0,0,0,0,0,0,0,1,,,,,,,,,,,2,2,1,1,0,0,0,0,0,0,0,1,13
207,1,1,1,2,2,1,2,0,0,0,0,0,0,0,0,1,,,,,,,,,,,1,1,2,1,0,0,0,0,0,0,1,2,13
208,1,1,1,3,1,1,2,1,1,1,1,1,1,0,0,0,4.0,1.0,0.0,1.0,0.0,0.0,0.0,1.0,0.0,1.0,1,1,1,1,0,0,1,0,0,0,0,2,14
209,2,2,1,3,1,1,1,0,1,0,0,0,1,0,0,0,2.0,1.0,0.0,0.0,0.0,1.0,0.0,1.0,0.0,1.0,1,1,2,1,0,0,0,0,0,0,1,1,17
210,1,2,1,2,1,1,2,0,1,0,0,1,0,0,0,0,2.0,1.0,0.0,1.0,0.0,0.0,0.0,0.0,0.0,0.0,1,2,2,1,0,0,0,0,0,0,1,1,17
211,1,1,1,3,1,2,1,0,1,1,1,1,1,0,0,0,5.0,1.0,0.0,1.0,1.0,0.0,1.0,0.0,0.0,0.0,1,1,1,1,1,0,1,0,0,1,0,1,14
212,1,4,1,2,1,1,3,0,1,1,1,1,1,0,0,0,2.0,0.0,0.0,0.0,0.0,0.0,0.0,0.0,1.0,0.0,2,1,2,1,0,0,0,0,0,0,1,1,15
213,2,2,2,2,1,1,2,0,0,0,0,0,1,0,0,0,,0.0,0.0,0.0,0.0,0.0,0.0,0.0,1.0,0.0,1,1,2,2,1,0,1,0,0,1,0,2,13
214,2,4,2,2,1,1,2,0,1,1,1,1,1,0,1,0,5.0,1.0,1.0,1.0,0.0,0.0,1.0,0.0,0.0,0.0,2,2,1,1,0,0,0,0,0,0,1,2,16
215,1,1,1,2,1,1,1,0,1,0,0,1,1,0,0,0,4.0,1.0,0.0,1.0,0.0,0.0,0.0,0.0,0.0,0.0,1,1,1,1,1,0,0,0,0,0,0,1,13
216,2,2,2,2,1,1,1,0,1,1,1,1,1,0,0,0,4.0,1.0,0.0,0.0,0.0,0.0,1.0,0.0,0.0,1.0,2,1,2,2,1,1,1,0,1,1,0,1,15
217,2,3,2,2,1,1,2,0,0,0,0,1,1,0,0,0,5.0,0.0,0.0,0.0,0.0,0.0,0.0,0.0,1.0,1.0,2,2,1,2,1,0,1,1,1,1,0,1,16
218,2,4,2,2,1,1,1,1,1,0,0,1,1,0,0,0,5.0,0.0,0.0,0.0,0.0,0.0,0.0,0.0,1.0,0.0,1,1,1,1,0,0,0,0,0,0,1,2,16
219,2,2,1,2,1,1,1,1,1,1,1,0,1,0,0,0,2.0,0.0,0.0,1.0,0.0,0.0,0.0,0.0,0.0,0.0,2,1,1,1,0,0,0,0,0,0,1,1,15
220,1,3,2,2,1,2,1,1,1,1,1,1,1,0,0,0,3.0,1.0,0.0,0.0,0.0,0.0,0.0,1.0,0.0,1.0,1,1,1,1,1,0,0,0,0,0,0,2,13
221,2,3,1,2,1,1,2,0,1,1,1,0,1,0,0,0,3.0,0.0,0.0,0.0,0.0,0.0,0.0,0.0,1.0,0.0,2,1,1,1,0,0,0,0,0,0,1,2,16
222,2,4,4,2,1,1,2,0,0,0,0,0,1,0,0,0,,0.0,0.0,0.0,0.0,0.0,0.0,0.0,1.0,0.0,2,2,2,2,0,0,0,0,0,0,1,2,16
223,1,2,1,2,1,1,2,0,1,0,0,0,1,0,0,0,5.0,1.0,0.0,1.0,0.0,0.0,1.0,0.0,0.0,1.0,3,3,3,1,1,0,1,0,1,0,0,1,15
224,2,1,1,2,1,2,1,0,0,1,1,0,1,0,0,0,3.0,1.0,0.0,1.0,1.0,1.0,1.0,1.0,0.0,1.0,1,1,1,1,1,1,1,0,0,0,0,2,13
225,2,4,3,2,1,1,1,0,1,1,1,1,1,0,0,0,3.0,0.0,0.0,0.0,0.0,0.0,0.0,0.0,1.0,0.0,3,3,2,3,0,0,0,0,0,1,0,1,15
226,1,1,1,2,1,1,1,1,1,1,1,1,1,0,0,0,5.0,1.0,0.0,1.0,0.0,1.0,1.0,1.0,0.0,0.0,3,3,3,3,0,0,0,0,0,1,0,1,13
227,1,4,3,2,1,1,3,0,0,1,1,0,1,0,0,0,5.0,0.0,0.0,0.0,0.0,0.0,0.0,0.0,1.0,0.0,3,1,2,3,0,0,0,0,0,0,1,1,17
228,2,2,1,2,1,1,2,1,1,1,1,1,0,0,0,0,4.0,1.0,0.0,1.0,1.0,1.0,0.0,1.0,0.0,0.0,1,2,1,1,1,0,1,0,0,0,0,2,16
229,1,1,1,2,2,1,1,0,1,0,0,1,1,0,0,0,4.0,0.0,0.0,0.0,0.0,0.0,0.0,0.0,1.0,,1,1,1,1,0,0,0,0,0,0,1,1,14
230,1,2,1,3,1,1,1,1,1,1,1,1,1,0,1,0,6.0,0.0,0.0,0.0,0.0,0.0,0.0,0.0,1.0,1.0,1,1,1,1,1,1,0,0,1,1,0,1,17
231,2,4,1,2,1,1,1,0,1,0,0,1,0,0,0,0,4.0,1.0,0.0,1.0,0.0,0.0,0.0,1.0,0.0,1.0,1,1,1,1,1,0,1,0,0,0,0,2,14
232,1,4,1,3,1,1,1,0,1,0,0,1,1,0,1,0,5.0,1.0,1.0,0.0,0.0,1.0,1.0,1.0,0.0,1.0,1,1,2,1,1,0,0,0,0,0,0,1,15
233,2,4,1,2,1,1,1,0,0,0,0,1,1,0,1,0,4.0,1.0,0.0,0.0,0.0,0.0,0.0,0.0,0.0,0.0,2,2,1,2,0,0,1,0,0,0,0,2,17
234,1,1,1,2,1,1,2,1,1,0,0,1,0,0,0,0,4.0,0.0,0.0,0.0,0.0,0.0,0.0,0.0,1.0,0.0,1,2,1,1,1,0,0,0,0,1,0,1,16
235,1,1,1,2,1,1,1,0,1,1,1,1,1,0,0,0,4.0,1.0,1.0,1.0,0.0,0.0,0.0,1.0,0.0,1.0,3,3,2,1,0,0,1,0,0,0,0,2,16
236,2,3,1,3,1,1,2,1,1,1,1,1,0,0,0,0,4.0,0.0,0.0,0.0,0.0,0.0,0.0,0.0,1.0,1.0,2,1,2,3,1,0,1,0,1,1,0,2,15
237,1,4,1,2,1,2,1,0,1,1,1,1,1,0,0,0,4.0,1.0,1.0,1.0,0.0,1.0,0.0,1.0,0.0,1.0,1,1,2,2,1,0,1,0,0,0,0,2,16
238,2,3,1,2,1,1,1,1,1,1,1,1,1,0,0,0,4.0,1.0,1.0,1.0,1.0,1.0,1.0,1.0,0.0,1.0,1,1,1,1,1,0,1,0,1,0,0,2,16
239,2,2,1,2,1,1,1,1,1,0,0,1,1,0,0,0,2.0,1.0,0.0,1.0,0.0,0.0,0.0,0.0,0.0,1.0,1,1,1,1,0,0,0,0,0,0,1,1,13
240,2,4,3,1,1,1,1,1,1,1,1,1,1,0,0,0,4.0,1.0,0.0,1.0,0.0,0.0,0.0,0.0,0.0,0.0,1,2,1,1,0,0,0,0,0,0,1,2,13
241,1,3,1,2,1,1,2,1,1,1,1,1,1,0,0,0,5.0,0.0,0.0,1.0,0.0,0.0,0.0,0.0,0.0,0.0,2,1,1,3,0,0,0,0,0,0,1,2,13
242,2,2,1,3,1,1,2,1,1,1,1,1,1,0,0,0,4.0,1.0,0.0,0.0,0.0,1.0,0.0,1.0,0.0,1.0,1,3,1,2,1,1,1,1,1,0,0,1,16
243,1,3,3,2,1,1,2,1,0,0,0,1,1,0,0,0,5.0,1.0,0.0,0.0,0.0,0.0,0.0,0.0,0.0,1.0,1,1,1,1,1,1,0,0,1,0,0,1,14
244,1,3,1,3,1,1,3,0,0,0,0,0,1,0,0,0,,1.0,0.0,1.0,0.0,1.0,0.0,1.0,0.0,0.0,1,3,1,1,0,0,0,0,0,1,0,2,13
245,1,2,1,2,2,1,2,0,0,0,0,0,1,0,0,0,,0.0,0.0,0.0,0.0,0.0,0.0,0.0,1.0,0.0,1,2,1,1,1,1,1,0,0,1,0,1,16
246,1,4,1,3,1,1,1,0,0,0,0,1,1,0,0,0,5.0,0.0,0.0,0.0,0.0,0.0,0.0,0.0,1.0,1.0,1,1,1,1,1,1,1,0,0,0,0,1,13
247,2,1,1,3,1,1,1,1,1,0,0,1,1,0,0,0,2.0,0.0,0.0,0.0,0.0,0.0,0.0,0.0,1.0,0.0,3,2,2,1,1,1,0,0,1,1,0,2,17
248,2,2,3,2,1,1,1,0,1,0,0,1,1,0,0,0,4.0,1.0,0.0,0.0,0.0,0.0,0.0,1.0,0.0,0.0,3,3,3,2,0,0,0,0,0,0,1,2,15
249,2,3,4,2,1,1,2,0,0,1,1,1,1,0,0,0,3.0,1.0,0.0,1.0,0.0,0.0,1.0,0.0,0.0,0.0,1,1,1,1,0,0,0,0,1,0,0,2,16
250,2,1,2,3,1,1,3,1,1,0,0,1,1,0,0,0,4.0,0.0,0.0,0.0,1.0,0.0,0.0,0.0,0.0,0.0,2,2,2,2,0,0,0,0,0,1,0,1,14
251,1,2,1,2,1,1,2,0,1,0,0,1,1,0,0,0,4.0,1.0,0.0,0.0,0.0,0.0,0.0,0.0,0.0,1.0,3,3,1,2,1,0,0,0,1,0,0,1,15
252,1,1,2,4,1,2,1,0,1,1,1,1,1,1,0,0,5.0,1.0,0.0,1.0,0.0,0.0,0.0,1.0,0.0,1.0,1,2,1,1,0,0,0,0,0,0,1,1,16
253,1,1,1,2,1,1,1,0,1,0,0,1,0,0,0,0,4.0,0.0,0.0,0.0,0.0,0.0,0.0,0.0,1.0,0.0,1,1,1,1,1,0,1,0,0,1,0,2,15
254,1,4,2,2,1,1,1,0,1,0,0,0,1,0,0,0,2.0,1.0,0.0,1.0,0.0,0.0,0.0,0.0,0.0,0.0,1,1,2,1,1,1,1,0,0,1,0,1,15
255,2,4,1,2,1,1,1,1,1,1,1,1,1,1,0,0,2.0,1.0,0.0,1.0,0.0,1.0,0.0,1.0,0.0,1.0,1,1,1,1,0,0,0,0,1,1,0,2,16
256,2,3,4,2,1,1,1,1,1,0,0,1,1,0,0,0,4.0,0.0,0.0,1.0,0.0,0.0,0.0,1.0,0.0,1.0,1,1,1,1,0,0,0,0,0,0,1,2,15
257,2,1,1,3,1,1,2,0,1,0,0,1,1,0,0,0,4.0,1.0,1.0,1.0,0.0,0.0,0.0,0.0,0.0,0.0,1,2,2,1,0,0,0,0,0,1,0,1,14
258,2,1,2,2,1,1,2,1,1,0,0,1,1,0,0,0,2.0,1.0,0.0,1.0,0.0,0.0,0.0,0.0,0.0,0.0,1,1,3,2,0,0,0,0,0,0,1,2,14
259,1,3,4,3,1,1,2,0,0,0,0,0,1,0,0,0,,0.0,0.0,0.0,0.0,0.0,0.0,0.0,1.0,0.0,1,1,2,1,0,0,0,0,0,0,1,2,14
260,1,1,1,2,1,1,2,1,1,1,1,1,1,0,0,0,4.0,1.0,1.0,1.0,0.0,0.0,0.0,0.0,0.0,1.0,1,1,1,1,0,0,0,0,0,0,1,2,17
261,2,2,1,2,1,1,1,1,1,1,1,1,1,1,0,0,4.0,1.0,1.0,1.0,0.0,1.0,0.0,1.0,0.0,0.0,1,1,1,1,1,1,1,0,0,0,0,1,17
262,2,1,1,3,1,1,1,0,0,0,0,0,1,0,0,0,,0.0,0.0,0.0,0.0,0.0,0.0,0.0,1.0,0.0,2,1,2,2,0,0,0,0,0,0,1,1,14
263,2,3,2,2,1,1,1,1,1,1,1,1,1,0,0,0,4.0,0.0,0.0,0.0,0.0,0.0,0.0,0.0,1.0,1.0,2,2,2,1,1,0,0,0,0,1,0,2,16
264,1,3,1,2,1,1,2,1,1,1,1,1,1,0,0,0,4.0,1.0,0.0,0.0,0.0,0.0,0.0,1.0,0.0,1.0,1,1,1,1,0,0,1,0,0,0,0,2,17
265,2,4,4,1,1,1,1,0,0,0,0,0,1,0,1,0,5.0,0.0,0.0,0.0,0.0,0.0,0.0,0.0,1.0,0.0,1,1,2,3,0,0,0,0,0,0,1,1,15
266,2,2,1,2,1,1,2,0,1,0,0,1,1,0,0,0,5.0,0.0,0.0,0.0,0.0,0.0,0.0,0.0,1.0,0.0,1,1,1,1,0,0,0,0,0,0,1,1,13
267,1,4,4,2,1,1,2,0,0,0,0,0,1,0,0,0,,0.0,0.0,0.0,0.0,0.0,0.0,0.0,1.0,0.0,1,1,1,1,0,0,0,0,0,0,1,2,17
268,1,3,1,2,1,1,3,1,1,1,1,1,1,0,0,0,4.0,1.0,1.0,1.0,0.0,0.0,0.0,1.0,0.0,0.0,2,2,2,1,0,0,0,0,0,0,1,2,17
269,2,2,2,3,1,1,2,0,1,0,0,1,1,0,0,0,2.0,1.0,0.0,1.0,0.0,0.0,0.0,0.0,0.0,1.0,2,3,1,1,0,0,1,0,0,0,0,2,14
270,1,3,1,2,1,1,1,1,1,0,0,1,1,0,0,0,4.0,1.0,1.0,1.0,0.0,0.0,0.0,1.0,0.0,1.0,1,2,3,1,1,1,1,0,1,1,0,2,17
271,2,3,1,2,1,1,1,0,0,1,1,1,1,0,0,0,5.0,1.0,0.0,1.0,0.0,0.0,0.0,0.0,0.0,1.0,1,2,1,2,1,0,1,0,0,0,0,1,14
272,1,2,1,2,1,2,2,1,1,1,1,1,0,0,0,0,2.0,1.0,0.0,1.0,0.0,0.0,1.0,0.0,0.0,0.0,1,1,2,2,1,0,1,0,0,0,0,1,17
273,1,4,1,2,1,1,1,0,1,1,1,1,1,0,0,0,3.0,1.0,0.0,0.0,0.0,0.0,0.0,1.0,0.0,0.0,1,1,1,1,0,0,0,0,0,0,1,1,16
274,2,4,1,2,1,1,2,0,1,0,0,0,1,0,0,0,2.0,1.0,0.0,0.0,1.0,0.0,0.0,0.0,0.0,1.0,1,2,1,2,1,0,0,0,0,0,0,2,16
275,1,3,1,2,1,1,1,0,1,1,1,1,1,0,0,0,5.0,0.0,0.0,0.0,0.0,0.0,0.0,0.0,1.0,1.0,1,1,1,3,1,1,1,0,0,0,0,1,13
276,2,3,1,2,1,1,1,1,1,1,1,1,1,0,0,0,5.0,0.0,1.0,1.0,0.0,0.0,0.0,1.0,0.0,1.0,1,1,3,1,0,0,0,1,0,1,0,2,13
277,1,4,1,2,1,1,2,0,1,1,1,0,1,0,0,0,3.0,0.0,0.0,1.0,0.0,0.0,0.0,0.0,0.0,0.0,3,3,3,3,0,0,0,1,1,0,0,2,17
278,2,3,1,2,1,1,2,1,1,0,0,1,1,1,1,0,5.0,1.0,0.0,1.0,0.0,0.0,0.0,0.0,0.0,0.0,1,1,1,1,1,0,0,1,1,0,0,2,15
279,2,3,1,3,1,1,2,0,0,0,0,1,1,0,1,0,6.0,1.0,0.0,0.0,0.0,0.0,0.0,0.0,0.0,0.0,1,1,1,1,1,0,0,0,0,0,0,1,16
280,2,2,1,2,1,1,1,0,1,0,0,1,1,0,0,0,2.0,1.0,0.0,0.0,0.0,0.0,0.0,0.0,0.0,1.0,1,1,1,1,0,0,0,0,0,0,1,2,15
281,1,2,1,4,1,1,2,0,0,0,0,1,1,0,0,0,5.0,0.0,0.0,0.0,0.0,0.0,0.0,0.0,1.0,0.0,3,3,3,2,0,0,0,0,0,0,1,2,14
282,1,3,3,2,1,1,2,0,1,0,0,1,1,0,0,0,4.0,1.0,0.0,0.0,0.0,0.0,0.0,0.0,0.0,0.0,2,2,2,2,0,0,0,0,0,0,1,2,16
283,1,1,1,2,1,1,1,1,1,0,0,1,1,0,0,0,4.0,1.0,1.0,0.0,0.0,0.0,0.0,0.0,0.0,1.0,1,1,1,1,1,0,0,0,0,1,0,1,15
284,2,4,1,1,1,1,2,0,1,0,0,1,1,0,0,0,4.0,0.0,0.0,0.0,0.0,0.0,0.0,0.0,1.0,0.0,2,2,2,2,1,1,1,1,0,1,0,1,16
285,1,2,1,2,1,2,1,0,1,1,1,1,1,0,0,0,5.0,0.0,0.0,1.0,0.0,0.0,0.0,0.0,0.0,0.0,1,1,1,1,0,0,0,0,0,0,1,2,15
286,1,3,1,3,1,1,2,1,1,1,1,1,1,0,0,0,5.0,1.0,0.0,0.0,0.0,1.0,1.0,1.0,0.0,1.0,2,2,2,1,1,1,0,0,0,0,0,1,15
287,2,4,1,2,1,1,1,0,1,1,1,1,1,0,1,0,5.0,0.0,0.0,0.0,0.0,0.0,0.0,0.0,1.0,1.0,1,1,1,2,0,0,0,0,0,0,1,1,17
288,1,3,1,3,1,1,2,1,1,1,1,1,1,0,0,0,5.0,1.0,0.0,0.0,0.0,0.0,0.0,1.0,0.0,0.0,1,1,1,2,0,0,1,0,0,1,0,1,13
289,1,2,1,2,1,1,2,0,0,0,0,1,0,0,0,0,,0.0,0.0,0.0,0.0,0.0,0.0,0.0,1.0,1.0,2,1,1,2,0,0,0,0,0,0,1,1,15
290,2,1,1,2,2,1,1,1,1,1,1,1,1,1,0,0,4.0,0.0,0.0,0.0,0.0,0.0,0.0,1.0,0.0,0.0,3,3,3,3,0,0,1,0,0,1,0,2,14
291,2,1,2,2,1,1,3,1,1,1,1,1,1,0,0,0,4.0,1.0,1.0,1.0,1.0,1.0,0.0,1.0,0.0,0.0,1,1,1,1,1,1,1,1,1,1,0,2,17
292,1,2,4,2,1,1,2,0,0,0,0,0,1,0,0,0,,0.0,0.0,0.0,0.0,0.0,0.0,0.0,0.0,1.0,1,1,1,1,0,0,0,0,0,0,1,2,13
293,1,3,1,2,1,1,1,1,1,0,0,1,1,1,0,0,2.0,1.0,0.0,0.0,1.0,1.0,0.0,1.0,0.0,1.0,2,3,3,3,0,0,1,0,0,0,0,2,13
294,2,2,1,2,1,1,2,0,1,1,1,1,1,0,0,0,5.0,1.0,1.0,1.0,0.0,0.0,0.0,1.0,0.0,1.0,1,1,1,1,1,1,1,0,1,0,0,2,17
295,2,4,1,2,1,1,2,0,1,0,0,1,1,0,0,0,4.0,0.0,0.0,0.0,0.0,0.0,0.0,0.0,1.0,0.0,1,1,1,1,0,0,0,0,0,0,1,2,15
296,1,2,1,2,1,1,1,1,1,1,1,1,1,0,0,0,4.0,1.0,1.0,1.0,0.0,1.0,0.0,1.0,0.0,0.0,1,1,1,3,1,1,1,0,1,1,0,2,16
297,1,1,4,2,1,1,1,0,0,0,0,0,1,0,0,0,,0.0,0.0,0.0,0.0,0.0,0.0,0.0,1.0,0.0,1,1,1,1,0,0,0,0,0,1,0,1,17
298,1,2,1,2,1,2,1,0,1,1,1,1,1,0,0,0,2.0,1.0,1.0,0.0,0.0,0.0,0.0,0.0,0.0,0.0,2,2,1,3,0,0,0,0,1,0,0,1,15
299,2,3,1,2,1,1,1,1,1,1,1,1,1,0,0,0,4.0,1.0,1.0,1.0,0.0,0.0,0.0,1.0,0.0,0.0,1,1,3,2,1,0,0,0,1,0,0,2,16
300,1,3,1,2,1,1,2,0,0,0,0,1,0,1,1,0,4.0,0.0,0.0,0.0,0.0,0.0,0.0,0.0,1.0,0.0,1,1,1,2,0,0,0,0,0,0,1,2,15
301,2,2,1,3,1,2,2,1,1,0,0,1,1,0,0,0,5.0,1.0,1.0,1.0,0.0,0.0,0.0,1.0,0.0,0.0,1,1,1,1,1,1,1,1,1,1,0,1,16
302,1,3,2,2,1,1,2,0,1,1,1,1,1,1,0,0,2.0,1.0,0.0,0.0,1.0,0.0,0.0,1.0,0.0,1.0,1,1,1,1,1,0,0,0,0,0,0,2,13
303,1,1,1,2,1,1,1,0,0,1,1,1,1,0,0,0,3.0,1.0,0.0,1.0,0.0,0.0,0.0,1.0,0.0,0.0,2,2,2,2,0,0,1,1,0,1,0,1,17
304,1,4,4,2,1,1,1,0,1,0,0,0,1,0,0,0,5.0,0.0,0.0,0.0,0.0,0.0,0.0,0.0,1.0,0.0,2,1,2,1,0,0,0,0,0,0,1,2,16
305,1,3,1,2,1,2,2,0,1,1,1,1,1,0,0,0,5.0,0.0,0.0,0.0,0.0,0.0,0.0,0.0,1.0,0.0,3,1,3,2,1,1,0,0,1,0,0,1,15
306,1,1,1,2,1,1,2,1,0,0,0,0,1,0,0,0,5.0,0.0,0.0,0.0,0.0,0.0,0.0,0.0,1.0,0.0,2,2,2,1,0,0,0,0,0,0,1,2,13
307,1,3,1,2,1,1,1,1,1,0,0,1,1,0,0,0,4.0,1.0,0.0,1.0,0.0,0.0,1.0,0.0,0.0,0.0,2,1,1,1,1,0,1,0,1,0,0,2,16
308,1,1,1,2,1,1,1,0,0,1,1,1,1,0,0,0,5.0,1.0,0.0,0.0,0.0,0.0,0.0,0.0,0.0,1.0,1,2,2,1,0,0,0,1,1,0,0,2,16
309,2,2,1,2,1,1,1,0,1,0,0,1,1,1,0,0,2.0,1.0,0.0,1.0,1.0,0.0,0.0,0.0,0.0,1.0,2,1,1,1,0,0,1,0,0,0,0,2,15
310,2,4,2,2,1,2,2,0,0,1,1,1,1,0,0,0,4.0,0.0,0.0,0.0,0.0,0.0,0.0,0.0,1.0,0.0,1,1,1,1,1,0,0,0,0,0,0,2,16
311,2,3,1,3,1,1,1,0,1,0,0,1,1,0,1,0,5.0,1.0,0.0,0.0,0.0,0.0,0.0,0.0,0.0,1.0,1,1,1,3,1,0,1,0,1,0,0,1,15
312,1,4,4,2,1,1,3,0,0,1,1,0,0,0,0,0,,1.0,1.0,0.0,0.0,0.0,0.0,0.0,0.0,0.0,2,2,2,1,1,1,1,0,0,1,0,1,16
313,1,1,1,2,1,1,1,1,1,1,1,1,1,0,0,0,4.0,1.0,0.0,1.0,1.0,0.0,0.0,0.0,0.0,1.0,1,1,1,2,0,0,0,0,0,0,1,2,15
314,2,2,2,3,2,1,3,1,0,0,0,0,0,0,0,0,,0.0,0.0,0.0,0.0,0.0,0.0,1.0,0.0,0.0,2,1,2,3,0,0,0,0,0,1,0,1,17
315,2,2,1,2,1,1,1,1,1,0,0,0,1,1,1,0,6.0,0.0,0.0,0.0,0.0,0.0,0.0,0.0,1.0,0.0,2,1,1,1,0,0,0,0,0,0,1,2,14
316,2,3,1,3,1,1,2,1,1,1,1,1,1,0,0,0,4.0,0.0,1.0,1.0,0.0,0.0,0.0,0.0,0.0,1.0,1,2,1,1,0,0,0,0,0,0,1,2,15
317,1,4,1,2,1,1,1,0,0,0,0,0,1,0,0,0,,0.0,0.0,0.0,0.0,0.0,0.0,0.0,1.0,0.0,1,1,1,1,1,0,0,0,0,0,0,1,15
318,2,4,1,2,1,1,2,0,1,0,0,1,0,0,0,0,2.0,0.0,0.0,1.0,0.0,0.0,0.0,0.0,0.0,0.0,1,1,1,1,0,0,0,0,0,0,1,2,15
319,1,4,4,1,2,1,2,0,0,0,0,0,1,0,1,0,5.0,0.0,0.0,0.0,1.0,0.0,0.0,0.0,0.0,,1,1,1,1,1,0,0,0,1,0,0,2,15
320,1,3,1,2,1,1,2,0,0,1,1,0,1,0,0,0,5.0,0.0,0.0,1.0,0.0,0.0,0.0,0.0,0.0,0.0,1,1,1,1,1,0,1,0,0,0,0,1,16
321,2,3,3,2,1,1,4,0,1,0,0,0,1,0,0,0,2.0,0.0,0.0,0.0,0.0,0.0,0.0,1.0,0.0,0.0,1,1,1,1,0,0,1,0,0,0,0,1,13
322,1,1,1,3,1,1,2,0,1,1,1,1,0,0,0,0,4.0,0.0,0.0,0.0,0.0,0.0,0.0,0.0,1.0,0.0,3,3,3,3,0,0,0,0,0,0,1,1,16
323,1,1,1,2,1,1,2,0,1,0,0,1,0,0,0,0,2.0,0.0,0.0,0.0,0.0,0.0,0.0,0.0,1.0,0.0,2,2,2,2,0,0,0,0,0,0,1,1,14
324,1,4,1,3,1,1,2,0,1,0,0,1,1,0,1,0,2.0,1.0,1.0,0.0,0.0,1.0,0.0,1.0,0.0,1.0,1,2,1,1,0,0,0,0,1,0,0,1,14
325,1,1,1,2,1,2,1,1,1,0,0,1,1,0,0,0,4.0,1.0,0.0,0.0,0.0,0.0,0.0,0.0,0.0,1.0,1,3,1,1,1,1,1,0,1,0,0,1,14
326,1,2,1,2,1,1,1,1,1,1,1,1,1,0,0,0,2.0,0.0,0.0,1.0,0.0,0.0,0.0,0.0,0.0,0.0,1,98,1,2,1,0,0,0,1,0,0,1,13
327,1,1,1,2,1,1,2,0,1,0,0,1,1,0,0,0,2.0,0.0,0.0,0.0,0.0,0.0,0.0,0.0,1.0,0.0,1,1,1,1,1,0,1,0,1,1,0,1,15
328,2,3,1,2,1,1,1,0,1,1,1,1,1,0,0,0,3.0,1.0,0.0,1.0,0.0,0.0,0.0,1.0,0.0,0.0,2,1,2,1,0,0,0,0,1,0,0,2,16
329,1,4,3,2,1,1,2,0,1,1,1,1,1,0,0,0,3.0,0.0,0.0,0.0,0.0,1.0,0.0,1.0,0.0,1.0,1,2,1,1,0,0,1,0,1,0,0,2,16
330,2,3,1,2,1,1,1,0,1,0,0,1,1,0,0,0,4.0,0.0,0.0,0.0,0.0,1.0,0.0,1.0,0.0,1.0,2,2,1,1,1,1,1,0,0,0,0,1,15
331,1,3,1,2,1,1,1,0,1,1,1,1,1,0,0,0,5.0,0.0,0.0,0.0,0.0,0.0,0.0,0.0,1.0,1.0,1,2,1,1,0,0,0,0,0,0,1,1,16
332,1,1,1,2,1,1,2,1,1,0,0,1,1,0,0,0,2.0,1.0,0.0,0.0,1.0,0.0,0.0,1.0,0.0,0.0,1,1,1,1,0,0,0,0,0,0,1,1,15
333,2,1,1,3,1,1,1,0,1,1,1,0,0,0,0,0,3.0,1.0,1.0,1.0,0.0,0.0,1.0,1.0,0.0,0.0,2,2,2,2,0,0,0,1,0,0,0,2,17
334,1,1,1,2,1,1,1,0,1,1,1,1,1,0,0,0,4.0,1.0,0.0,1.0,0.0,0.0,0.0,1.0,0.0,0.0,1,2,2,1,0,0,0,0,0,0,1,2,14
335,1,1,1,2,1,2,1,0,1,0,0,1,1,0,0,0,5.0,0.0,0.0,0.0,0.0,0.0,0.0,0.0,1.0,0.0,1,1,1,1,1,1,1,0,0,0,0,2,14
336,1,1,1,2,1,1,2,0,1,1,1,1,1,0,0,0,2.0,0.0,0.0,1.0,0.0,0.0,0.0,1.0,0.0,0.0,1,1,1,2,0,0,0,0,0,0,1,2,14
337,2,1,2,4,1,1,1,0,1,1,1,1,1,1,0,0,4.0,0.0,0.0,0.0,0.0,0.0,0.0,0.0,1.0,1.0,1,1,1,2,0,0,0,0,0,0,1,2,15
338,1,3,1,2,1,1,3,0,1,1,1,1,1,0,0,0,4.0,1.0,0.0,0.0,0.0,0.0,0.0,0.0,0.0,0.0,1,1,1,1,0,0,0,0,0,0,1,2,14
339,1,4,1,2,1,1,1,0,1,0,0,1,1,0,0,0,4.0,1.0,0.0,1.0,0.0,0.0,0.0,1.0,0.0,1.0,1,2,2,1,1,0,0,0,0,0,0,2,13
340,2,3,1,4,1,1,1,1,1,1,1,1,1,0,1,0,5.0,1.0,1.0,1.0,1.0,0.0,0.0,1.0,0.0,1.0,3,3,3,3,1,1,1,0,1,0,0,1,15
341,1,2,1,2,2,1,2,1,1,0,0,1,1,0,0,0,5.0,1.0,0.0,1.0,0.0,0.0,0.0,0.0,0.0,1.0,1,1,1,1,1,0,0,0,0,0,0,2,13
342,2,4,3,2,1,1,2,0,0,1,1,1,0,0,0,0,3.0,0.0,0.0,0.0,0.0,0.0,0.0,0.0,1.0,0.0,1,1,1,1,0,0,0,0,0,0,1,1,15
343,1,3,1,2,1,1,2,1,1,1,1,1,1,0,0,0,3.0,1.0,1.0,1.0,0.0,1.0,1.0,1.0,0.0,1.0,1,1,2,1,0,1,0,0,1,1,0,2,17
344,1,3,1,2,1,1,2,1,0,1,1,0,1,0,0,0,5.0,1.0,0.0,1.0,0.0,1.0,0.0,1.0,0.0,0.0,1,1,1,1,1,1,1,0,0,0,0,1,17
345,1,3,1,4,1,1,1,0,1,1,1,1,1,0,0,0,4.0,1.0,0.0,1.0,0.0,0.0,0.0,0.0,0.0,0.0,1,1,2,2,1,0,1,0,1,1,0,2,16
346,2,2,1,2,1,1,1,0,1,1,1,1,1,0,0,0,5.0,0.0,0.0,0.0,0.0,0.0,0.0,0.0,1.0,1.0,2,2,1,1,1,0,1,0,0,0,0,1,16
347,1,2,1,2,1,2,1,1,1,1,1,1,1,0,0,0,4.0,0.0,0.0,0.0,1.0,1.0,1.0,1.0,0.0,1.0,1,1,1,1,0,0,0,0,0,0,1,2,15
348,2,4,2,4,1,1,1,0,0,0,0,0,1,0,0,0,,0.0,0.0,0.0,0.0,0.0,0.0,0.0,1.0,0.0,1,3,2,1,0,1,1,0,0,0,0,1,14
349,2,4,1,2,1,1,2,1,0,0,0,0,0,0,0,0,,1.0,0.0,0.0,0.0,0.0,0.0,0.0,0.0,0.0,1,1,1,1,0,0,0,0,0,0,1,1,17
350,2,2,2,2,1,1,1,0,1,1,1,1,1,0,0,0,4.0,1.0,0.0,0.0,0.0,1.0,0.0,1.0,0.0,0.0,2,2,2,2,0,0,0,0,0,0,1,1,14
351,2,4,1,3,1,1,1,1,1,1,1,1,1,0,0,0,4.0,1.0,1.0,0.0,0.0,0.0,0.0,0.0,0.0,0.0,1,2,1,1,0,0,1,0,0,0,0,1,17
352,1,2,2,4,1,1,2,0,1,0,0,1,1,0,0,0,4.0,0.0,1.0,0.0,0.0,0.0,0.0,0.0,0.0,0.0,1,2,1,1,0,0,0,0,1,0,0,1,14
353,2,1,1,3,1,1,1,0,1,0,0,1,0,0,0,0,4.0,1.0,1.0,1.0,0.0,0.0,0.0,0.0,0.0,0.0,2,1,2,2,1,1,0,0,0,0,0,1,16
354,1,4,1,2,1,2,2,0,1,0,0,1,1,0,0,0,4.0,1.0,0.0,0.0,0.0,0.0,0.0,1.0,0.0,1.0,1,1,2,1,0,0,0,0,0,0,1,1,16
355,1,3,2,2,1,1,2,0,0,1,1,0,1,0,0,0,5.0,0.0,0.0,0.0,0.0,0.0,0.0,1.0,0.0,0.0,1,1,1,1,0,0,0,0,1,1,0,2,13
356,1,2,1,2,1,1,1,0,1,1,1,1,1,0,0,0,5.0,1.0,1.0,1.0,0.0,0.0,0.0,0.0,0.0,1.0,1,1,2,2,1,1,1,1,1,1,0,2,15
357,1,1,1,2,1,1,1,1,1,1,1,1,1,0,0,0,4.0,1.0,0.0,1.0,0.0,0.0,1.0,0.0,0.0,0.0,1,1,1,2,1,0,1,0,1,0,0,2,16
358,1,1,1,2,1,1,1,1,1,0,0,1,1,0,0,0,4.0,1.0,1.0,1.0,0.0,0.0,0.0,0.0,0.0,0.0,1,1,1,1,1,0,1,0,1,1,0,2,16
359,2,3,1,3,1,1,2,1,1,1,1,0,1,0,1,0,3.0,1.0,1.0,0.0,0.0,1.0,0.0,1.0,0.0,0.0,1,2,2,1,1,0,1,0,0,1,0,1,14
360,2,1,2,2,1,2,2,1,1,0,0,1,1,0,0,0,4.0,0.0,1.0,1.0,1.0,0.0,0.0,0.0,0.0,1.0,1,1,1,1,1,0,0,0,0,1,0,2,15
361,2,3,1,2,1,1,1,1,1,1,1,1,1,1,0,0,5.0,0.0,0.0,0.0,0.0,0.0,0.0,0.0,1.0,1.0,2,1,1,1,1,1,0,0,1,1,0,1,15
362,2,2,1,2,1,1,1,1,1,0,0,1,1,0,0,0,1.0,1.0,0.0,0.0,0.0,0.0,0.0,0.0,0.0,1.0,1,1,1,1,1,0,0,0,1,1,0,2,14
363,1,1,1,4,1,2,1,0,1,1,1,1,1,0,0,0,5.0,0.0,0.0,0.0,0.0,0.0,0.0,0.0,1.0,0.0,1,2,2,2,0,0,0,0,0,0,1,1,13
364,1,1,1,2,1,1,1,1,1,1,1,1,1,0,0,0,4.0,1.0,0.0,1.0,0.0,0.0,0.0,0.0,0.0,0.0,1,2,1,1,0,0,0,0,0,0,1,2,15
365,1,3,1,2,1,1,1,1,1,0,0,1,1,0,0,0,5.0,0.0,1.0,1.0,0.0,0.0,0.0,1.0,0.0,0.0,2,2,2,2,0,0,0,1,1,0,0,2,16
366,2,2,1,2,1,1,2,0,0,1,1,1,0,0,0,0,3.0,1.0,0.0,1.0,0.0,0.0,0.0,1.0,0.0,0.0,1,1,1,1,0,0,0,0,0,0,1,2,14
367,1,2,1,2,1,1,1,1,1,1,1,1,1,1,0,0,4.0,0.0,0.0,1.0,1.0,1.0,0.0,1.0,0.0,1.0,2,2,1,2,1,0,1,0,0,0,0,2,17
368,1,3,1,2,1,1,1,1,1,1,1,1,1,0,0,0,4.0,1.0,1.0,1.0,0.0,0.0,0.0,0.0,0.0,1.0,1,1,2,2,0,0,1,1,0,0,0,2,16
369,2,3,2,2,1,1,1,0,1,0,0,1,1,0,0,0,5.0,1.0,1.0,0.0,0.0,0.0,0.0,0.0,0.0,1.0,2,1,1,2,1,1,1,0,0,0,0,2,13
370,1,2,2,2,1,1,4,0,0,0,0,0,1,0,0,0,,1.0,0.0,1.0,0.0,1.0,0.0,0.0,0.0,0.0,1,2,1,1,0,0,0,0,0,0,1,1,14
371,1,1,1,2,1,1,1,0,1,0,0,1,1,1,0,0,4.0,0.0,1.0,1.0,0.0,0.0,0.0,1.0,0.0,1.0,1,2,1,2,1,1,1,0,1,1,0,2,17
372,1,4,1,2,1,1,1,0,1,1,1,1,1,0,0,0,5.0,0.0,0.0,0.0,0.0,0.0,0.0,0.0,1.0,0.0,2,1,1,1,0,0,0,0,0,0,1,2,17
373,2,3,1,2,1,1,1,0,1,0,0,1,1,0,0,0,5.0,0.0,0.0,0.0,0.0,0.0,0.0,0.0,1.0,0.0,2,2,2,2,0,0,0,0,0,0,1,1,14
374,2,2,1,3,1,1,2,0,1,1,1,1,1,0,0,0,3.0,1.0,1.0,1.0,0.0,1.0,0.0,1.0,0.0,0.0,2,2,1,1,0,0,0,0,1,1,0,1,17
375,1,3,2,2,1,1,2,0,0,1,1,1,1,0,0,0,3.0,1.0,0.0,0.0,0.0,0.0,1.0,1.0,0.0,1.0,1,1,1,1,1,1,1,0,1,1,0,2,17
376,2,2,1,2,1,2,1,0,1,1,1,1,1,0,0,0,4.0,0.0,0.0,0.0,0.0,0.0,0.0,0.0,1.0,0.0,3,3,3,3,0,0,0,0,0,0,1,2,16
377,2,1,1,3,1,1,1,1,1,1,1,1,1,0,0,0,5.0,0.0,0.0,0.0,0.0,0.0,0.0,0.0,1.0,0.0,3,3,3,2,0,0,0,0,0,0,1,1,17
378,1,3,3,2,1,1,2,0,1,0,0,1,1,0,0,0,4.0,0.0,0.0,1.0,0.0,0.0,0.0,0.0,0.0,0.0,1,1,1,1,0,0,0,0,0,0,1,2,13
379,2,1,4,2,1,2,3,1,1,1,1,1,1,1,0,0,5.0,0.0,0.0,1.0,0.0,0.0,0.0,0.0,0.0,0.0,1,1,1,1,1,0,1,0,0,0,0,1,15
380,1,3,3,2,1,1,1,0,1,0,0,1,0,0,0,0,4.0,0.0,0.0,0.0,0.0,0.0,0.0,0.0,1.0,1.0,2,2,2,2,0,0,0,0,0,0,1,2,13
381,1,1,1,1,1,1,2,0,1,1,1,1,1,0,0,0,4.0,1.0,1.0,1.0,0.0,1.0,1.0,1.0,0.0,1.0,2,3,2,1,1,0,1,0,0,1,0,1,15
382,2,4,2,2,1,1,1,1,0,1,1,0,1,0,1,0,5.0,1.0,1.0,1.0,1.0,1.0,0.0,1.0,0.0,1.0,1,1,1,3,1,1,1,1,0,0,0,1,15
383,1,3,3,1,1,1,2,0,1,1,1,1,1,0,0,0,3.0,0.0,0.0,0.0,0.0,0.0,0.0,0.0,1.0,1.0,1,1,2,2,0,0,0,0,0,0,1,2,14
384,1,2,1,3,1,1,2,0,1,0,0,1,1,0,0,0,4.0,1.0,1.0,1.0,0.0,0.0,1.0,0.0,0.0,1.0,1,1,1,1,0,1,0,0,0,0,0,1,15
385,1,3,1,3,1,1,3,0,0,0,0,0,0,0,0,1,,,,,,,,,,0.0,1,3,1,1,0,0,0,0,0,0,1,2,13
386,2,2,1,2,1,2,1,1,1,1,1,1,1,0,0,0,5.0,1.0,1.0,1.0,1.0,1.0,1.0,1.0,0.0,1.0,1,1,1,1,0,1,1,1,1,1,0,2,15
387,1,2,1,2,1,1,1,0,1,1,1,1,1,0,0,0,4.0,0.0,1.0,1.0,0.0,1.0,0.0,1.0,0.0,1.0,2,1,1,1,1,0,1,0,0,1,0,2,14
388,1,3,2,2,1,1,1,1,1,1,1,1,1,1,0,0,5.0,1.0,1.0,1.0,0.0,0.0,0.0,1.0,0.0,1.0,1,1,1,2,1,1,1,0,1,1,0,2,15
389,1,1,1,2,2,1,2,0,0,1,1,1,1,0,0,0,3.0,1.0,0.0,1.0,0.0,0.0,0.0,1.0,0.0,,2,1,1,1,0,0,0,0,0,0,1,1,17
390,1,4,4,3,1,1,1,1,1,0,0,1,1,1,0,0,5.0,0.0,0.0,1.0,0.0,0.0,0.0,0.0,0.0,0.0,1,1,2,2,0,0,0,0,0,0,1,2,15
391,1,4,1,2,1,1,1,0,1,1,1,1,1,0,0,0,4.0,1.0,0.0,0.0,0.0,0.0,0.0,0.0,0.0,1.0,1,1,1,2,0,0,1,0,0,0,0,2,15
392,2,4,2,2,1,1,2,0,0,1,1,1,1,0,0,0,5.0,1.0,0.0,0.0,0.0,0.0,0.0,0.0,0.0,1.0,2,2,2,3,0,0,0,0,0,1,0,1,15
393,1,1,3,3,1,1,2,0,0,0,0,0,1,0,0,0,,0.0,0.0,0.0,0.0,0.0,0.0,0.0,1.0,0.0,2,2,1,1,1,0,0,0,0,0,0,2,15
394,1,2,1,3,1,1,1,0,1,0,0,1,1,0,0,0,5.0,0.0,0.0,0.0,0.0,0.0,0.0,0.0,1.0,1.0,1,1,1,2,0,0,0,0,0,0,1,2,13
395,1,2,2,2,1,1,2,0,1,1,1,1,1,1,0,0,5.0,1.0,0.0,1.0,0.0,0.0,0.0,1.0,0.0,0.0,1,2,1,1,1,0,0,0,0,0,0,2,16
396,1,4,1,2,98,1,1,0,0,0,0,0,1,0,0,0,,0.0,0.0,0.0,0.0,0.0,0.0,0.0,1.0,,1,1,1,1,0,0,0,0,0,0,1,2,13
397,2,4,1,2,1,1,2,1,0,0,0,1,1,0,0,0,5.0,0.0,0.0,0.0,0.0,0.0,0.0,0.0,1.0,0.0,2,3,2,1,1,0,1,0,0,0,0,1,15
398,1,2,2,2,2,1,3,0,0,0,0,1,0,0,0,0,,0.0,0.0,0.0,0.0,0.0,0.0,0.0,1.0,,1,1,1,2,0,0,0,0,0,0,1,1,14
399,2,4,4,2,1,1,1,0,0,1,1,0,0,0,0,0,,0.0,0.0,0.0,0.0,0.0,0.0,1.0,0.0,1.0,1,1,1,1,1,0,0,0,1,1,0,2,13
400,2,3,3,2,1,1,1,0,0,0,0,0,1,0,0,0,,0.0,0.0,0.0,0.0,0.0,0.0,0.0,1.0,0.0,1,1,1,1,0,0,0,0,0,0,1,2,13
401,2,4,1,4,1,1,1,1,1,1,1,1,1,0,0,0,4.0,1.0,0.0,1.0,0.0,1.0,0.0,1.0,0.0,1.0,1,2,1,1,1,0,0,0,1,0,0,1,15
402,1,2,3,3,1,1,1,0,0,0,0,0,1,0,0,0,,0.0,0.0,0.0,0.0,0.0,0.0,1.0,0.0,0.0,1,1,1,1,0,0,0,0,0,0,1,2,13
403,2,3,1,2,1,1,2,1,0,0,0,0,1,0,0,0,1.0,0.0,1.0,0.0,0.0,1.0,0.0,1.0,0.0,0.0,1,1,1,1,0,0,0,0,0,0,0,2,13
404,2,1,1,2,1,1,5,0,1,1,1,1,1,0,0,0,5.0,0.0,0.0,1.0,0.0,0.0,0.0,0.0,0.0,1.0,1,2,1,1,0,0,0,0,0,0,1,2,14
405,1,2,2,2,1,2,1,0,1,1,1,1,1,0,0,0,4.0,1.0,0.0,0.0,0.0,0.0,0.0,0.0,0.0,1.0,1,1,1,2,1,0,1,0,0,0,0,1,15
406,2,2,1,2,1,1,1,1,1,1,1,0,1,1,1,0,2.0,1.0,0.0,1.0,0.0,0.0,0.0,0.0,0.0,0.0,1,1,1,1,1,0,0,0,0,0,0,1,17
407,2,3,1,3,1,1,2,1,1,0,0,1,1,0,0,0,5.0,1.0,0.0,0.0,0.0,0.0,0.0,1.0,0.0,0.0,2,1,1,2,1,0,0,0,0,0,0,1,15
408,1,1,1,2,1,1,1,0,1,1,1,1,1,0,0,0,4.0,1.0,1.0,0.0,0.0,1.0,0.0,1.0,0.0,1.0,3,3,3,3,1,1,1,0,0,0,0,1,17
409,2,2,2,2,1,1,5,0,1,1,1,0,1,1,0,0,3.0,1.0,0.0,1.0,1.0,0.0,0.0,0.0,0.0,1.0,1,1,2,2,0,0,0,0,1,1,0,1,15
410,1,4,4,2,1,1,1,0,0,0,0,0,1,0,0,0,,0.0,0.0,0.0,0.0,0.0,0.0,0.0,1.0,1.0,1,1,2,1,0,0,0,0,0,0,1,1,15
411,1,1,1,2,1,1,2,0,1,0,0,1,1,0,0,0,2.0,0.0,0.0,0.0,0.0,0.0,0.0,0.0,1.0,0.0,2,2,1,1,0,0,0,0,0,0,1,1,15
412,1,4,1,2,1,1,1,0,1,0,0,0,1,0,0,0,2.0,0.0,0.0,1.0,0.0,1.0,0.0,1.0,0.0,1.0,1,2,1,2,0,0,0,0,0,0,1,1,14
413,2,3,1,2,1,1,1,0,1,0,0,1,1,1,0,0,4.0,1.0,1.0,1.0,0.0,0.0,1.0,0.0,0.0,1.0,1,1,2,2,0,0,0,0,0,0,1,2,15
414,2,2,1,4,1,1,2,0,0,1,1,0,1,0,0,0,3.0,0.0,0.0,1.0,1.0,0.0,0.0,1.0,0.0,1.0,3,2,2,2,0,0,0,0,0,0,1,2,16
415,2,2,2,2,1,1,2,0,1,0,0,1,1,0,0,0,4.0,0.0,0.0,1.0,0.0,0.0,0.0,0.0,0.0,0.0,1,2,1,1,0,0,0,0,0,0,1,1,17
416,2,1,1,2,1,1,1,0,1,0,0,1,1,0,0,0,5.0,0.0,1.0,1.0,0.0,0.0,0.0,0.0,0.0,0.0,1,2,1,1,1,0,0,0,1,0,0,1,17
417,1,1,1,2,1,2,2,1,1,1,1,0,1,0,0,0,5.0,1.0,1.0,1.0,0.0,1.0,1.0,0.0,0.0,1.0,2,3,3,3,1,0,1,0,0,0,0,2,13
418,2,2,2,2,1,1,2,0,1,1,1,0,1,0,0,0,3.0,0.0,0.0,1.0,0.0,0.0,0.0,0.0,0.0,0.0,2,1,1,1,0,0,1,1,0,0,0,2,15
419,1,4,1,3,2,1,1,0,1,0,0,0,1,0,0,0,5.0,0.0,0.0,0.0,0.0,0.0,0.0,0.0,1.0,1.0,1,1,2,3,0,0,0,0,0,0,1,2,15
420,1,1,2,2,1,2,4,0,1,0,0,0,0,0,0,0,,1.0,0.0,1.0,0.0,0.0,0.0,0.0,0.0,0.0,3,3,3,3,0,0,0,0,0,0,1,2,16
421,2,2,1,2,1,1,1,1,1,1,1,1,0,0,0,0,2.0,1.0,0.0,1.0,0.0,0.0,0.0,0.0,0.0,0.0,1,2,2,1,0,0,0,0,0,0,1,2,13
422,1,2,1,2,1,1,1,1,1,1,1,1,1,0,0,0,1.0,1.0,0.0,0.0,0.0,0.0,0.0,1.0,0.0,1.0,3,2,2,2,1,0,0,0,0,1,0,1,15
423,1,1,1,1,1,2,2,1,1,0,0,0,0,0,0,0,2.0,0.0,1.0,0.0,0.0,0.0,0.0,0.0,0.0,0.0,2,3,2,1,1,0,1,0,0,0,0,99,13
424,2,1,2,2,1,1,1,0,1,0,0,0,1,0,0,0,2.0,1.0,0.0,1.0,0.0,0.0,0.0,0.0,0.0,0.0,1,1,1,1,1,0,1,0,0,0,0,1,13
425,2,4,4,2,1,2,1,0,1,0,0,1,1,0,0,0,5.0,1.0,0.0,1.0,0.0,0.0,1.0,1.0,0.0,1.0,1,1,2,2,0,0,0,0,0,0,1,2,14
426,2,3,1,2,1,1,4,0,1,1,1,1,1,0,0,0,2.0,0.0,0.0,1.0,0.0,0.0,0.0,1.0,0.0,0.0,1,2,3,2,0,0,1,0,1,0,0,2,14
427,2,1,98,2,1,2,1,0,1,1,1,1,1,0,0,0,3.0,0.0,0.0,1.0,0.0,0.0,0.0,0.0,0.0,0.0,1,1,1,2,1,1,0,0,0,0,0,2,13
428,2,4,1,2,1,1,1,1,0,0,0,1,1,0,0,0,5.0,1.0,0.0,1.0,1.0,0.0,0.0,1.0,0.0,0.0,1,1,1,1,0,0,0,0,0,0,1,2,13
429,1,3,4,2,1,1,5,0,0,0,0,0,0,0,0,1,,,,,,,,,,0.0,1,1,1,1,0,0,0,0,0,0,1,2,13
430,2,3,2,3,1,1,2,0,1,1,1,0,1,0,0,0,3.0,1.0,0.0,1.0,0.0,0.0,0.0,1.0,0.0,0.0,1,1,1,2,0,0,0,0,0,0,1,2,15
431,2,4,1,2,1,1,2,0,1,0,0,0,0,0,0,0,,0.0,0.0,0.0,0.0,0.0,0.0,0.0,1.0,0.0,1,2,2,1,0,0,0,0,0,0,1,2,16
432,1,4,1,2,1,1,2,0,1,1,1,0,0,0,0,0,3.0,0.0,0.0,0.0,0.0,0.0,0.0,0.0,1.0,0.0,1,1,1,1,1,0,0,1,1,0,0,2,17
433,1,2,1,3,1,1,2,0,1,1,1,1,0,0,0,0,4.0,1.0,0.0,1.0,0.0,0.0,0.0,0.0,0.0,0.0,1,1,1,1,0,0,0,0,0,0,1,2,15
434,1,4,1,2,1,1,1,1,1,1,1,1,1,0,0,0,2.0,1.0,0.0,1.0,0.0,0.0,1.0,0.0,0.0,1.0,1,1,1,1,0,0,0,0,0,0,1,2,16
435,1,4,3,2,1,1,4,0,0,0,0,0,1,0,0,0,,0.0,0.0,0.0,0.0,0.0,0.0,0.0,1.0,0.0,2,2,1,1,1,0,0,0,0,0,0,1,15
436,2,4,1,1,1,2,1,1,1,1,1,1,0,0,0,0,4.0,0.0,0.0,0.0,0.0,0.0,0.0,1.0,0.0,0.0,1,2,2,2,1,1,1,0,1,1,0,2,17
437,2,3,1,2,1,2,1,0,0,0,0,0,1,0,0,0,,0.0,0.0,0.0,0.0,0.0,0.0,0.0,1.0,0.0,1,1,1,1,0,0,0,0,0,0,1,2,13
438,2,2,2,2,1,1,2,0,1,1,1,1,1,0,0,0,2.0,0.0,0.0,0.0,0.0,0.0,0.0,0.0,1.0,0.0,2,3,1,1,0,0,0,0,0,0,1,1,16
439,1,1,1,2,1,2,3,0,1,1,1,1,1,0,0,0,2.0,1.0,0.0,0.0,0.0,0.0,0.0,0.0,0.0,0.0,1,1,1,1,0,0,0,0,0,0,1,1,17
440,1,2,1,2,1,1,2,1,1,0,0,1,1,0,0,0,4.0,1.0,0.0,1.0,0.0,0.0,0.0,0.0,0.0,1.0,2,2,1,1,1,0,0,0,0,0,0,1,14
441,2,4,1,2,1,1,2,0,1,0,0,1,1,0,0,0,5.0,0.0,0.0,0.0,0.0,0.0,0.0,0.0,1.0,1.0,2,2,1,2,0,0,0,0,0,0,1,1,15
442,1,3,2,2,1,1,1,0,1,0,0,1,1,0,0,0,5.0,1.0,0.0,0.0,0.0,0.0,1.0,1.0,0.0,0.0,1,1,1,2,1,1,1,1,1,0,0,2,15
443,1,3,1,2,1,1,1,0,1,0,0,1,1,1,0,0,4.0,1.0,1.0,1.0,1.0,0.0,0.0,1.0,0.0,1.0,1,1,1,1,1,0,1,0,0,1,0,2,17
444,1,4,1,2,1,1,2,0,0,0,0,1,1,0,1,0,5.0,0.0,0.0,0.0,0.0,0.0,0.0,0.0,1.0,0.0,2,2,2,1,0,0,0,0,0,0,1,1,17
445,2,1,1,2,1,2,1,0,1,1,1,1,1,0,0,0,4.0,0.0,0.0,0.0,0.0,0.0,0.0,0.0,1.0,0.0,1,2,1,2,0,0,1,0,0,1,0,2,16
446,2,3,2,2,1,1,2,0,0,0,0,0,1,0,0,0,,0.0,0.0,0.0,0.0,0.0,0.0,0.0,1.0,0.0,1,1,1,1,0,0,0,0,0,0,1,2,13
447,1,3,2,4,1,1,2,0,0,0,0,0,1,0,0,0,,1.0,0.0,0.0,0.0,0.0,0.0,0.0,0.0,0.0,2,3,2,1,0,0,0,0,0,0,1,1,14
448,2,4,2,2,1,1,1,0,1,0,0,1,1,1,0,0,4.0,1.0,0.0,1.0,0.0,1.0,0.0,1.0,0.0,1.0,1,1,1,1,1,0,1,0,0,0,0,2,14
449,1,2,1,2,1,1,1,0,1,0,0,1,1,0,0,0,4.0,1.0,0.0,1.0,1.0,0.0,1.0,1.0,0.0,1.0,1,1,1,1,0,0,0,0,0,0,1,2,17
450,2,3,1,2,1,1,1,0,0,0,0,1,1,0,0,0,4.0,1.0,0.0,1.0,0.0,1.0,0.0,1.0,0.0,1.0,1,1,2,2,0,0,0,0,0,1,0,2,13
451,1,4,1,2,1,1,2,1,1,1,1,1,1,0,0,0,4.0,0.0,0.0,0.0,0.0,0.0,0.0,0.0,1.0,0.0,1,1,1,1,0,0,0,0,0,0,1,1,15
452,2,4,1,2,1,1,1,1,1,1,1,0,0,0,0,0,2.0,1.0,0.0,1.0,0.0,0.0,0.0,1.0,0.0,0.0,2,1,1,2,0,0,0,0,0,0,1,1,13
453,1,3,1,2,1,1,1,1,1,1,1,0,1,1,0,0,5.0,0.0,0.0,0.0,0.0,0.0,0.0,0.0,1.0,1.0,3,2,3,3,1,0,0,0,1,0,0,2,16
454,1,3,4,2,1,1,1,0,0,0,0,0,1,0,0,0,,0.0,0.0,0.0,0.0,0.0,0.0,0.0,1.0,0.0,1,1,1,2,1,0,0,0,0,0,0,1,14
455,1,1,1,2,1,1,2,0,1,1,1,1,0,0,0,0,4.0,1.0,0.0,0.0,0.0,0.0,1.0,1.0,0.0,1.0,2,2,1,1,1,0,0,0,0,0,0,2,17
456,2,4,4,2,1,1,1,0,0,0,0,0,0,0,0,1,,,,,,,,,,0.0,1,1,1,1,0,0,0,0,0,0,1,2,15
457,2,3,1,2,1,1,2,0,1,0,0,1,1,0,0,0,5.0,1.0,0.0,0.0,0.0,0.0,0.0,1.0,0.0,1.0,1,1,1,1,1,0,0,0,1,0,0,2,14
458,2,2,1,3,1,1,2,1,1,1,1,1,1,1,0,0,4.0,1.0,0.0,1.0,0.0,0.0,0.0,1.0,0.0,1.0,2,2,1,1,0,0,1,0,1,0,0,2,16
459,1,3,1,2,1,1,1,0,1,0,0,0,1,0,0,0,2.0,0.0,0.0,0.0,1.0,0.0,0.0,0.0,0.0,0.0,2,3,2,2,0,0,1,0,0,0,0,1,14
460,1,1,2,2,2,1,2,1,1,1,1,1,1,0,0,0,3.0,1.0,0.0,0.0,0.0,0.0,0.0,0.0,0.0,0.0,1,1,1,1,0,0,0,0,1,0,0,1,15
461,2,3,2,2,1,1,2,1,0,1,1,0,1,0,0,0,3.0,1.0,0.0,0.0,0.0,0.0,0.0,1.0,0.0,0.0,2,3,3,3,0,0,0,0,0,0,1,1,17
462,1,2,3,2,1,2,1,0,0,0,0,1,0,0,0,0,,0.0,0.0,0.0,0.0,0.0,0.0,0.0,1.0,1.0,1,1,2,2,0,0,0,0,1,0,0,2,13
463,2,3,1,2,1,1,2,0,0,0,0,0,1,0,0,0,,0.0,0.0,0.0,0.0,0.0,0.0,0.0,1.0,0.0,1,1,1,1,1,0,0,0,0,0,0,1,13
464,2,2,1,3,1,1,1,1,1,1,1,1,1,0,0,0,4.0,0.0,0.0,0.0,0.0,0.0,0.0,0.0,1.0,1.0,1,3,1,1,0,0,0,0,0,0,1,1,15
465,2,3,4,2,1,1,1,0,0,1,1,0,1,0,0,0,5.0,0.0,0.0,0.0,0.0,0.0,0.0,0.0,1.0,0.0,3,2,2,2,0,0,0,0,0,0,1,1,17
466,2,3,1,2,1,1,2,0,1,1,1,1,1,0,0,0,4.0,1.0,0.0,0.0,0.0,0.0,0.0,0.0,0.0,1.0,2,2,3,1,0,0,0,0,0,0,1,1,13
467,2,2,1,2,1,1,1,1,1,1,1,1,1,1,1,0,1.0,1.0,1.0,1.0,0.0,1.0,0.0,1.0,0.0,1.0,1,1,1,1,1,0,1,0,0,1,0,2,17
468,2,4,2,2,1,1,2,1,1,1,1,1,1,0,0,0,4.0,1.0,0.0,1.0,0.0,0.0,0.0,1.0,0.0,0.0,2,3,2,2,1,0,0,0,0,0,0,1,17
469,1,4,2,2,1,1,2,1,1,1,1,1,1,0,0,0,1.0,1.0,1.0,1.0,0.0,0.0,0.0,0.0,0.0,1.0,1,1,1,1,1,0,1,0,0,1,0,1,15
470,2,1,1,2,1,1,2,1,1,0,0,1,0,0,0,0,1.0,0.0,0.0,0.0,0.0,0.0,0.0,0.0,1.0,0.0,2,2,2,2,0,0,0,0,0,0,1,2,16
471,1,3,2,2,1,1,2,0,1,0,0,1,1,0,0,0,5.0,0.0,0.0,0.0,0.0,0.0,0.0,0.0,1.0,1.0,1,1,2,3,1,1,0,0,0,0,0,1,14
472,2,2,2,2,1,1,2,0,0,0,0,1,1,0,0,0,4.0,0.0,0.0,0.0,0.0,0.0,0.0,0.0,1.0,0.0,2,2,2,1,0,0,0,0,0,0,1,1,14
473,2,1,2,2,1,1,1,0,1,0,0,1,1,0,0,0,4.0,0.0,1.0,0.0,0.0,0.0,0.0,1.0,0.0,1.0,2,2,2,2,1,1,1,0,1,1,0,2,14
474,2,1,2,2,1,1,2,0,1,0,0,1,0,0,0,0,4.0,1.0,0.0,1.0,0.0,0.0,0.0,0.0,0.0,0.0,1,1,1,1,0,0,0,0,0,0,1,1,16
475,1,3,1,4,1,1,3,0,1,0,0,1,1,0,0,0,2.0,0.0,0.0,0.0,0.0,0.0,0.0,1.0,0.0,1.0,1,1,1,2,0,0,1,0,0,0,0,1,17
476,1,4,4,3,2,2,1,0,0,1,1,0,1,0,0,0,5.0,0.0,0.0,0.0,1.0,0.0,0.0,1.0,0.0,,1,1,1,3,0,0,0,0,1,0,0,1,13
477,2,2,2,2,1,2,1,0,1,1,1,1,0,0,0,0,2.0,1.0,0.0,0.0,0.0,0.0,0.0,0.0,0.0,0.0,1,1,1,1,0,0,1,0,0,0,0,2,17
478,2,1,1,2,1,1,1,1,1,0,0,1,1,1,0,0,2.0,1.0,0.0,1.0,1.0,0.0,0.0,1.0,0.0,1.0,1,1,1,2,1,0,0,0,0,0,0,2,17
479,2,2,1,3,1,1,2,0,1,0,0,1,0,0,0,0,98.0,0.0,0.0,0.0,0.0,0.0,0.0,0.0,1.0,0.0,3,3,1,1,1,0,0,0,0,0,0,1,16
480,2,3,1,2,1,1,2,0,1,0,0,1,1,0,0,0,2.0,1.0,0.0,1.0,0.0,0.0,1.0,0.0,0.0,1.0,1,1,1,1,0,0,1,0,0,1,0,2,13
481,1,2,1,2,1,1,1,1,1,1,1,1,1,0,0,0,1.0,1.0,1.0,0.0,0.0,1.0,0.0,1.0,0.0,0.0,1,2,1,1,1,0,0,0,0,0,0,1,17
482,1,4,2,2,1,1,2,1,1,1,1,1,1,0,0,0,5.0,0.0,0.0,0.0,0.0,0.0,0.0,0.0,1.0,1.0,1,1,1,1,1,0,1,0,1,0,0,2,15
483,2,3,1,2,1,1,2,0,1,0,0,1,1,0,0,0,5.0,1.0,0.0,0.0,0.0,1.0,0.0,0.0,0.0,1.0,1,1,1,2,1,0,0,0,0,0,0,1,14
484,1,2,1,2,1,1,2,0,1,1,1,1,1,0,0,0,4.0,1.0,0.0,1.0,0.0,0.0,0.0,0.0,0.0,0.0,1,1,1,1,0,0,0,0,0,0,1,1,13
485,1,4,3,2,1,1,3,0,0,0,0,1,0,0,0,0,,0.0,0.0,0.0,0.0,0.0,0.0,0.0,1.0,1.0,3,3,3,3,0,0,0,0,0,0,1,2,16
486,2,2,2,2,1,1,2,1,0,1,1,0,1,0,0,0,5.0,0.0,0.0,1.0,0.0,0.0,1.0,0.0,0.0,0.0,1,2,1,1,0,0,0,0,0,0,1,2,14
487,2,4,1,2,2,1,3,0,0,0,0,0,1,0,0,0,,0.0,0.0,0.0,0.0,0.0,0.0,0.0,1.0,0.0,1,1,1,1,0,0,0,0,0,0,1,2,16
488,1,4,4,2,1,1,2,0,1,1,1,1,1,0,0,0,2.0,0.0,0.0,1.0,0.0,0.0,0.0,1.0,0.0,1.0,2,1,1,1,1,1,0,0,0,0,0,1,17
489,1,4,1,1,1,1,1,1,1,1,1,1,1,0,0,0,2.0,0.0,0.0,1.0,0.0,0.0,0.0,1.0,0.0,1.0,1,1,1,1,1,0,1,0,1,0,0,2,14
490,2,3,3,2,1,1,4,1,1,1,1,1,1,0,0,0,5.0,0.0,0.0,1.0,0.0,0.0,0.0,1.0,0.0,1.0,2,2,2,2,0,0,0,0,0,0,1,2,15
491,1,3,4,2,1,1,4,1,0,0,0,0,0,0,0,0,,0.0,0.0,0.0,0.0,0.0,0.0,0.0,1.0,0.0,2,3,2,2,0,0,0,0,0,0,1,1,16
492,1,3,3,2,1,1,1,0,1,0,0,0,1,0,0,0,2.0,0.0,0.0,0.0,0.0,0.0,0.0,0.0,1.0,0.0,3,2,2,2,0,0,0,1,1,0,0,1,13
493,1,3,4,3,1,1,4,0,0,0,0,0,1,0,0,0,,0.0,0.0,0.0,0.0,0.0,0.0,0.0,1.0,0.0,2,3,1,1,0,0,0,0,0,0,1,2,13
494,1,1,2,2,1,2,2,0,0,1,1,0,0,0,0,0,,1.0,1.0,1.0,0.0,0.0,0.0,1.0,0.0,1.0,1,1,1,1,1,1,1,1,1,1,0,2,13
495,2,2,4,2,1,1,2,1,1,1,1,1,1,0,0,0,5.0,0.0,0.0,0.0,0.0,0.0,0.0,0.0,1.0,1.0,1,1,1,1,0,0,0,0,0,0,1,2,16
496,2,4,2,2,1,1,2,0,1,1,1,1,1,0,0,0,4.0,0.0,0.0,1.0,0.0,0.0,0.0,1.0,0.0,1.0,2,2,1,1,1,0,0,0,0,0,0,2,17
497,2,2,1,2,1,1,1,0,1,0,0,1,1,1,0,0,4.0,1.0,0.0,1.0,0.0,0.0,0.0,1.0,0.0,1.0,1,2,2,2,1,1,1,0,1,0,0,2,15
498,1,2,1,2,1,1,2,0,1,1,1,1,1,0,0,0,4.0,0.0,0.0,0.0,0.0,0.0,0.0,0.0,1.0,1.0,2,2,1,1,0,0,0,0,0,0,1,2,15
499,2,1,1,3,1,1,1,1,1,1,1,1,1,0,0,0,4.0,1.0,1.0,1.0,0.0,1.0,0.0,1.0,0.0,1.0,3,2,3,3,0,0,0,0,1,1,0,2,14
500,2,2,1,4,1,1,1,0,1,1,1,1,1,0,0,0,5.0,1.0,1.0,0.0,0.0,0.0,0.0,1.0,0.0,0.0,1,1,1,2,0,0,0,0,0,0,1,1,15
501,2,1,1,2,1,1,2,0,0,0,0,1,0,0,0,0,,0.0,0.0,0.0,0.0,0.0,0.0,0.0,1.0,1.0,1,3,1,1,1,0,0,0,1,0,0,2,13
502,1,2,1,2,1,1,2,1,1,0,0,1,1,0,0,0,4.0,0.0,0.0,0.0,0.0,0.0,0.0,0.0,1.0,1.0,1,1,1,1,0,0,0,0,0,0,1,2,13
503,2,4,1,3,1,1,1,0,1,0,0,1,1,1,0,0,2.0,1.0,0.0,1.0,0.0,0.0,0.0,0.0,0.0,1.0,1,1,1,1,1,0,0,0,1,0,0,2,15
504,1,2,1,4,1,1,1,1,1,1,1,1,1,1,0,0,5.0,0.0,1.0,1.0,1.0,0.0,0.0,1.0,0.0,0.0,2,1,1,2,0,0,0,0,0,0,1,1,16
505,1,1,1,2,1,1,1,0,1,1,1,1,1,0,0,0,4.0,0.0,1.0,0.0,0.0,1.0,0.0,1.0,0.0,0.0,1,2,1,1,1,1,1,1,1,0,0,2,15
506,2,2,1,4,1,1,2,0,1,0,0,0,1,0,0,0,5.0,1.0,0.0,0.0,0.0,1.0,0.0,1.0,0.0,1.0,2,1,1,2,1,0,1,0,0,0,0,2,13
507,1,2,1,2,1,1,1,1,1,1,1,1,1,1,0,0,1.0,1.0,1.0,0.0,0.0,1.0,0.0,1.0,0.0,1.0,1,1,1,1,1,0,1,1,1,1,0,1,13
508,2,3,1,2,1,1,2,1,1,1,1,1,1,0,0,0,4.0,1.0,1.0,1.0,0.0,1.0,0.0,1.0,0.0,0.0,1,1,2,2,0,0,1,0,1,1,0,1,13
509,2,1,1,2,1,1,2,1,1,1,1,1,1,0,0,0,3.0,1.0,0.0,1.0,0.0,0.0,0.0,1.0,0.0,1.0,1,1,2,1,0,0,1,0,0,1,0,2,15
510,1,3,1,2,1,1,1,0,1,1,1,1,1,0,0,0,2.0,1.0,0.0,1.0,0.0,0.0,1.0,0.0,0.0,0.0,2,2,1,2,0,0,0,0,0,0,1,1,17
511,2,2,2,3,1,1,1,0,1,1,1,0,1,0,0,0,5.0,1.0,0.0,1.0,0.0,0.0,0.0,0.0,0.0,0.0,3,3,3,2,0,0,0,0,0,0,1,1,13
512,2,3,4,2,1,1,2,0,0,0,0,0,1,0,0,0,,0.0,0.0,0.0,0.0,0.0,0.0,0.0,1.0,0.0,1,1,1,1,0,0,0,0,0,1,0,1,13
513,2,2,2,2,1,1,2,0,0,1,1,0,1,0,0,0,3.0,1.0,0.0,0.0,0.0,0.0,0.0,0.0,0.0,0.0,1,3,2,3,1,1,0,0,0,0,0,1,17
514,1,2,2,2,1,1,1,0,1,1,1,0,1,0,0,0,2.0,1.0,0.0,0.0,0.0,0.0,0.0,0.0,0.0,1.0,1,1,1,1,0,0,0,0,0,0,1,2,13
515,1,1,1,2,1,1,2,0,1,0,0,1,1,0,0,0,2.0,0.0,0.0,0.0,0.0,0.0,0.0,0.0,1.0,0.0,1,1,1,1,0,0,0,0,1,0,0,1,17
516,1,4,4,2,1,1,1,1,1,0,0,1,0,0,0,0,4.0,1.0,0.0,1.0,1.0,0.0,0.0,1.0,0.0,1.0,2,3,3,1,0,0,0,0,0,0,1,2,17
517,2,3,1,3,1,1,1,0,1,1,1,0,1,0,0,0,3.0,1.0,0.0,1.0,0.0,0.0,0.0,0.0,0.0,1.0,2,2,2,1,1,0,0,0,0,0,0,1,14
518,2,2,2,2,1,2,3,0,0,0,0,0,0,0,0,1,,,,,,,,,,0.0,1,1,1,1,0,0,0,0,0,0,1,2,13
519,2,4,4,2,1,1,1,1,1,1,1,0,1,0,0,0,3.0,0.0,0.0,0.0,0.0,0.0,0.0,0.0,1.0,0.0,1,1,2,1,0,0,0,0,0,1,0,1,17
520,2,1,1,2,1,1,1,1,1,1,1,1,1,0,0,0,3.0,1.0,1.0,1.0,1.0,1.0,1.0,1.0,0.0,1.0,1,1,1,1,1,1,1,0,1,1,0,2,17
521,2,1,1,2,1,1,1,1,1,0,0,1,1,0,0,0,4.0,1.0,0.0,0.0,0.0,0.0,0.0,0.0,0.0,1.0,1,1,1,2,1,1,1,0,1,0,0,1,17
522,1,1,1,2,1,1,1,0,0,0,0,1,1,0,0,0,4.0,1.0,0.0,1.0,0.0,0.0,0.0,0.0,0.0,0.0,1,1,1,2,0,0,0,0,0,0,1,1,15
523,2,4,4,2,1,1,2,0,1,0,0,1,0,0,0,0,4.0,0.0,0.0,0.0,0.0,0.0,0.0,0.0,1.0,0.0,1,1,1,1,0,0,0,0,0,0,1,2,14
524,2,2,1,2,1,1,2,0,0,1,1,0,0,0,0,0,,0.0,0.0,1.0,0.0,0.0,0.0,0.0,0.0,0.0,1,2,1,2,1,0,0,0,0,0,0,2,15
525,2,2,1,2,1,1,2,1,1,1,1,1,1,0,0,0,4.0,1.0,1.0,1.0,1.0,1.0,1.0,1.0,0.0,0.0,2,1,1,1,0,0,0,0,0,0,1,2,15
526,2,1,2,2,1,1,1,1,1,1,1,1,1,0,0,0,3.0,0.0,0.0,0.0,0.0,0.0,0.0,0.0,1.0,0.0,3,3,3,3,0,0,0,0,0,0,1,1,14
527,1,3,1,3,1,1,2,0,1,0,0,0,0,0,0,0,,1.0,0.0,1.0,0.0,0.0,1.0,1.0,0.0,1.0,1,1,1,1,0,0,1,0,0,0,0,2,15
528,1,1,1,2,1,1,1,0,1,1,1,1,1,0,0,0,5.0,1.0,0.0,0.0,0.0,0.0,0.0,1.0,0.0,0.0,1,1,1,2,0,0,0,0,1,1,0,1,17
529,2,4,4,2,1,1,2,0,0,0,0,0,0,0,0,1,,,,,,,,,,0.0,2,2,1,2,0,0,0,0,0,0,0,1,14
530,1,1,2,2,1,1,2,0,0,0,0,1,1,0,0,0,4.0,0.0,0.0,0.0,0.0,0.0,0.0,1.0,0.0,1.0,2,1,1,1,0,0,1,0,0,0,0,2,17
531,2,1,1,4,1,2,1,1,0,0,0,1,1,0,0,0,5.0,1.0,1.0,1.0,0.0,0.0,0.0,0.0,0.0,1.0,1,1,1,1,1,0,1,0,0,0,0,1,14
532,1,3,2,2,1,1,2,0,1,0,0,0,1,0,0,0,5.0,0.0,0.0,0.0,0.0,0.0,0.0,0.0,1.0,1.0,1,1,1,1,1,0,0,0,0,0,0,2,13
533,2,2,2,3,1,1,2,0,1,0,0,0,1,0,0,0,5.0,1.0,0.0,0.0,1.0,0.0,0.0,0.0,0.0,1.0,1,1,2,1,0,0,0,0,0,0,1,1,13
534,2,3,1,4,1,1,1,0,1,0,0,1,1,0,1,0,5.0,0.0,0.0,0.0,0.0,0.0,0.0,0.0,1.0,0.0,1,1,1,2,1,1,0,0,0,0,0,1,17
535,1,2,1,3,1,1,1,0,1,0,0,1,1,0,1,0,2.0,1.0,0.0,0.0,0.0,0.0,0.0,1.0,0.0,0.0,2,2,1,1,1,0,0,0,0,0,0,1,14
536,1,1,1,2,1,1,2,0,1,1,1,1,1,0,0,0,4.0,0.0,0.0,0.0,0.0,0.0,0.0,0.0,1.0,0.0,1,2,2,1,0,0,0,0,0,0,1,1,14
537,2,1,1,2,1,1,2,0,0,1,1,1,1,0,0,0,5.0,1.0,0.0,1.0,0.0,0.0,0.0,0.0,0.0,0.0,1,1,2,1,0,0,0,0,0,0,1,1,15
538,2,2,1,4,1,1,1,0,1,1,1,0,1,0,0,0,5.0,1.0,0.0,1.0,1.0,0.0,1.0,0.0,0.0,1.0,1,2,1,2,1,1,1,1,0,0,0,2,13
539,2,3,1,2,1,1,2,0,1,0,0,0,1,0,0,0,2.0,0.0,0.0,0.0,0.0,0.0,0.0,0.0,1.0,0.0,1,1,1,1,0,0,0,0,0,0,1,1,15
540,2,1,1,2,1,1,1,0,1,0,0,1,0,0,0,0,4.0,0.0,0.0,0.0,0.0,1.0,0.0,1.0,0.0,0.0,1,1,1,1,0,0,0,0,0,0,1,2,14
541,1,4,1,3,1,1,1,0,1,0,0,0,1,0,0,0,2.0,1.0,0.0,1.0,0.0,0.0,1.0,0.0,0.0,1.0,1,2,1,2,1,1,1,0,0,0,0,2,14
542,1,2,2,2,1,1,4,0,0,0,0,0,0,0,0,1,,,,,,,,,,0.0,3,2,1,2,0,0,0,0,0,0,1,1,16
543,1,4,2,2,1,1,1,0,1,1,1,1,1,0,0,0,4.0,1.0,1.0,1.0,0.0,1.0,0.0,1.0,0.0,1.0,3,2,3,2,0,1,1,0,0,0,0,2,17
544,2,3,1,2,1,1,1,0,1,1,1,1,1,0,0,0,4.0,1.0,1.0,1.0,0.0,0.0,0.0,0.0,0.0,0.0,1,1,1,1,1,1,1,0,1,1,0,2,16
545,1,3,3,2,2,1,3,0,0,1,1,0,1,0,0,0,3.0,1.0,0.0,1.0,1.0,0.0,0.0,0.0,0.0,0.0,3,2,2,2,0,0,0,0,0,0,1,1,17
546,1,3,1,2,1,1,2,0,0,0,0,0,1,0,0,0,,1.0,0.0,0.0,0.0,0.0,1.0,1.0,0.0,0.0,2,2,2,1,0,0,0,0,0,0,1,2,14
547,1,4,1,3,1,2,1,1,1,1,1,1,1,0,0,0,2.0,0.0,0.0,1.0,0.0,0.0,0.0,0.0,0.0,1.0,1,1,1,1,0,0,0,0,0,0,1,2,14
548,2,3,3,2,2,1,2,0,0,0,0,0,1,0,0,0,,0.0,0.0,0.0,0.0,0.0,0.0,0.0,1.0,,1,1,1,1,0,0,0,0,0,0,1,1,13
549,2,4,2,2,2,1,2,1,1,0,0,1,1,0,1,0,2.0,1.0,1.0,0.0,0.0,0.0,0.0,1.0,0.0,,1,1,1,1,0,0,0,0,0,0,1,1,15
550,2,4,1,2,1,1,2,1,1,1,1,1,1,0,0,0,2.0,1.0,1.0,1.0,0.0,0.0,1.0,0.0,0.0,1.0,2,1,1,1,1,0,1,0,1,0,0,2,15
551,2,1,1,2,1,1,1,0,0,1,1,0,1,0,0,0,5.0,0.0,0.0,0.0,0.0,0.0,0.0,0.0,1.0,0.0,1,1,1,1,0,0,0,0,0,0,1,2,13
552,2,2,1,2,1,1,2,1,1,0,0,0,1,0,0,0,5.0,1.0,1.0,1.0,0.0,0.0,0.0,0.0,0.0,0.0,2,3,2,1,0,0,0,0,1,1,0,2,16
553,2,2,1,2,1,1,1,0,1,0,0,0,1,0,0,0,2.0,1.0,0.0,1.0,0.0,0.0,0.0,0.0,0.0,1.0,1,1,1,1,0,0,0,0,0,0,1,1,16
554,1,4,1,2,1,1,1,1,0,1,1,0,1,0,0,0,3.0,1.0,0.0,1.0,1.0,0.0,1.0,1.0,0.0,1.0,2,1,1,1,0,0,1,0,1,0,0,1,13
555,1,2,1,2,1,1,1,1,1,1,1,1,1,0,1,0,5.0,1.0,0.0,0.0,0.0,0.0,0.0,0.0,0.0,1.0,1,1,2,2,0,0,0,0,1,1,0,1,16
556,1,1,1,3,1,1,1,0,1,0,0,1,1,0,0,0,4.0,1.0,0.0,1.0,0.0,0.0,0.0,1.0,0.0,0.0,1,2,1,1,0,0,0,0,0,0,1,2,13
557,1,3,1,2,1,1,1,1,1,1,1,1,1,0,0,0,4.0,1.0,0.0,1.0,0.0,0.0,0.0,0.0,0.0,1.0,1,1,1,1,1,0,1,0,0,0,0,2,13
558,1,3,1,2,1,1,1,1,1,1,1,1,1,0,0,0,4.0,1.0,0.0,1.0,0.0,0.0,0.0,1.0,0.0,0.0,1,1,1,1,1,0,1,0,1,0,0,1,17
559,1,2,1,2,1,1,2,0,1,0,0,1,1,0,0,0,4.0,0.0,0.0,0.0,0.0,0.0,0.0,0.0,1.0,0.0,1,2,2,1,0,0,0,0,0,0,1,2,17
560,2,3,2,2,1,1,1,1,0,1,1,1,1,0,0,0,5.0,0.0,0.0,0.0,0.0,0.0,0.0,1.0,0.0,1.0,1,2,1,2,1,0,0,0,1,0,0,1,17
561,1,4,3,2,1,1,2,0,0,1,1,0,1,0,0,0,5.0,0.0,0.0,0.0,0.0,0.0,0.0,0.0,1.0,0.0,1,2,1,1,0,0,0,0,0,0,1,1,13
562,2,3,4,2,1,1,2,0,1,0,0,1,1,0,0,0,5.0,0.0,0.0,0.0,0.0,0.0,0.0,0.0,1.0,0.0,1,1,1,1,0,0,0,0,0,0,1,1,14
563,2,4,1,2,1,1,1,1,0,1,1,1,1,0,0,0,5.0,0.0,0.0,1.0,0.0,1.0,0.0,0.0,0.0,0.0,3,3,2,1,0,0,1,0,0,0,0,2,17
564,1,1,1,3,1,1,2,0,1,1,1,1,1,0,0,0,4.0,1.0,0.0,1.0,0.0,0.0,0.0,0.0,0.0,0.0,1,1,1,1,0,0,0,0,0,0,1,2,14
565,1,2,1,2,1,1,2,1,1,1,1,1,0,0,0,0,4.0,1.0,0.0,1.0,0.0,0.0,1.0,0.0,0.0,0.0,1,1,1,1,0,0,0,0,0,0,1,2,16
566,1,4,1,2,1,2,1,0,1,1,1,1,0,0,0,0,3.0,0.0,0.0,1.0,0.0,0.0,0.0,0.0,0.0,0.0,3,3,3,3,0,0,0,0,0,0,1,1,17
567,2,1,1,2,1,1,2,0,1,0,0,1,0,0,0,0,4.0,1.0,0.0,1.0,0.0,0.0,0.0,1.0,0.0,0.0,1,2,1,2,0,0,0,0,0,0,1,2,16
568,1,3,3,2,1,1,3,0,0,0,0,0,1,0,0,0,,0.0,0.0,1.0,0.0,0.0,0.0,0.0,0.0,1.0,1,1,1,1,1,0,0,0,0,0,0,1,13
569,2,2,1,2,1,2,2,0,0,1,1,1,1,0,0,0,4.0,0.0,0.0,0.0,0.0,0.0,0.0,1.0,0.0,0.0,1,1,1,1,0,0,0,0,0,0,1,1,14
570,2,1,1,2,1,1,2,0,0,1,1,1,1,0,0,0,4.0,0.0,0.0,0.0,0.0,0.0,0.0,0.0,1.0,1.0,2,2,2,2,0,0,0,0,0,0,1,1,13
571,1,1,1,2,1,1,3,0,0,0,0,0,1,0,0,0,,0.0,0.0,0.0,0.0,0.0,0.0,0.0,1.0,0.0,2,3,1,3,0,0,0,0,0,0,1,2,17
572,1,2,3,2,1,1,2,0,0,1,1,0,1,0,0,0,5.0,0.0,0.0,1.0,0.0,0.0,0.0,0.0,0.0,1.0,2,2,2,3,1,0,0,0,0,0,0,2,13
573,1,1,2,3,1,1,1,1,1,1,1,0,1,0,1,0,5.0,1.0,0.0,1.0,0.0,0.0,0.0,1.0,0.0,0.0,1,3,1,1,1,1,0,0,1,1,0,1,13
574,2,3,1,2,1,1,1,1,1,0,0,1,1,0,0,0,2.0,1.0,0.0,0.0,0.0,0.0,0.0,1.0,0.0,1.0,1,2,1,1,0,0,1,1,0,0,0,2,15
575,2,2,1,2,1,1,1,1,1,1,1,1,1,1,1,0,4.0,1.0,0.0,1.0,0.0,0.0,0.0,0.0,0.0,1.0,1,1,1,1,1,1,1,0,0,0,0,1,14
576,2,2,1,2,1,1,2,1,1,1,1,1,1,0,0,0,3.0,1.0,1.0,1.0,0.0,1.0,0.0,1.0,0.0,1.0,2,3,1,2,1,0,1,0,0,0,0,1,16
577,1,4,1,2,1,1,1,1,1,1,1,1,1,0,0,0,3.0,1.0,0.0,1.0,0.0,0.0,0.0,0.0,0.0,1.0,2,2,2,1,1,1,1,1,1,1,0,2,15
578,1,2,2,2,1,1,2,0,1,0,0,1,0,0,0,0,4.0,1.0,0.0,1.0,0.0,0.0,0.0,0.0,0.0,0.0,1,1,1,1,0,0,0,0,0,0,1,2,16
579,1,1,1,2,1,1,1,1,1,1,1,1,1,0,0,0,3.0,1.0,1.0,1.0,1.0,1.0,1.0,1.0,0.0,1.0,1,1,1,1,1,1,0,0,1,1,0,2,16
580,1,3,1,2,1,2,2,0,1,1,1,1,1,0,0,0,4.0,1.0,0.0,1.0,0.0,0.0,0.0,0.0,0.0,1.0,1,1,2,1,1,1,1,0,1,1,0,2,16
581,2,4,3,2,1,1,2,0,0,1,1,1,1,0,0,0,5.0,0.0,0.0,0.0,0.0,0.0,0.0,0.0,1.0,0.0,1,1,1,1,0,0,0,0,0,0,1,2,13
582,1,2,1,3,1,1,1,1,1,1,1,1,1,0,0,0,5.0,1.0,1.0,1.0,0.0,0.0,0.0,0.0,0.0,1.0,3,2,1,1,0,0,0,0,0,0,1,2,17
583,2,4,1,2,1,1,1,0,1,0,0,0,1,0,0,0,2.0,0.0,0.0,0.0,0.0,0.0,0.0,0.0,1.0,0.0,2,3,2,3,0,0,1,0,0,1,0,2,15
584,2,2,1,2,1,1,1,1,1,1,1,1,1,0,0,0,4.0,0.0,1.0,1.0,0.0,0.0,0.0,0.0,0.0,1.0,1,2,1,2,1,0,1,0,1,1,0,2,17
585,2,1,2,1,1,1,1,0,1,0,0,1,1,0,0,0,5.0,0.0,0.0,0.0,0.0,0.0,0.0,0.0,1.0,0.0,2,3,1,1,0,0,1,0,0,0,0,2,14
586,2,3,2,2,1,1,1,0,1,0,0,1,0,0,0,0,4.0,0.0,0.0,0.0,0.0,0.0,0.0,1.0,0.0,0.0,1,1,1,1,0,0,0,0,1,0,0,2,15
587,1,4,1,2,1,1,2,0,1,0,0,1,1,0,0,0,5.0,1.0,0.0,1.0,0.0,0.0,0.0,0.0,0.0,0.0,1,1,1,1,0,0,0,0,0,0,1,1,13
588,1,4,1,2,1,1,1,0,1,1,1,1,1,0,0,0,2.0,1.0,0.0,1.0,0.0,0.0,1.0,0.0,0.0,1.0,1,1,1,1,0,0,0,0,1,0,0,2,13
589,1,2,1,2,1,1,2,1,1,1,1,1,1,0,0,0,1.0,1.0,0.0,1.0,0.0,0.0,0.0,1.0,0.0,0.0,1,2,1,2,0,0,0,0,0,0,1,1,17
590,1,2,1,2,1,1,1,0,1,0,0,1,1,0,0,0,4.0,1.0,1.0,1.0,0.0,0.0,0.0,1.0,0.0,1.0,2,2,1,1,1,0,0,0,1,1,0,1,16
591,1,3,4,3,1,1,5,0,0,0,0,0,1,0,0,0,,0.0,0.0,0.0,0.0,0.0,0.0,0.0,1.0,1.0,1,1,1,1,0,0,0,0,0,0,1,2,14
592,2,1,1,2,1,1,2,0,1,0,0,1,1,0,0,0,5.0,0.0,0.0,0.0,0.0,0.0,0.0,0.0,1.0,0.0,3,3,3,2,0,0,0,0,0,0,1,1,14
593,2,2,1,3,1,1,1,0,1,1,1,0,1,1,0,0,2.0,1.0,0.0,1.0,0.0,0.0,0.0,0.0,0.0,0.0,98,98,98,98,0,0,0,0,0,0,1,99,17
594,1,2,1,2,1,1,1,1,1,1,1,1,1,0,0,0,4.0,0.0,0.0,0.0,0.0,0.0,0.0,0.0,1.0,1.0,1,1,1,1,0,0,0,0,0,0,1,2,17
595,1,4,3,2,1,1,2,0,0,0,0,0,1,0,0,0,,0.0,0.0,0.0,0.0,0.0,0.0,0.0,1.0,0.0,1,1,1,1,0,0,0,0,0,0,1,1,13
596,2,4,2,2,1,2,2,0,1,1,1,1,1,0,0,0,5.0,0.0,0.0,0.0,0.0,0.0,1.0,1.0,0.0,0.0,1,2,1,1,1,0,1,0,0,0,0,1,13
597,1,2,2,3,98,1,2,0,1,1,1,0,1,0,0,0,2.0,0.0,0.0,0.0,0.0,0.0,0.0,0.0,1.0,0.0,1,1,1,1,0,0,0,0,0,0,1,1,15
598,1,2,2,2,1,1,2,0,1,0,0,1,0,0,0,0,4.0,1.0,0.0,1.0,0.0,0.0,0.0,1.0,0.0,1.0,1,1,1,1,1,1,0,0,0,0,0,2,13
599,2,2,1,2,1,1,2,0,1,0,0,1,1,0,0,0,4.0,1.0,0.0,0.0,0.0,0.0,0.0,1.0,0.0,1.0,2,2,1,1,0,0,0,0,0,0,1,1,14
600,1,1,1,2,1,1,1,1,1,1,1,1,1,0,0,0,1.0,1.0,1.0,0.0,1.0,0.0,1.0,1.0,0.0,0.0,3,3,3,3,0,0,0,0,1,1,0,2,16
601,1,2,1,3,1,1,1,0,1,0,0,1,1,0,0,0,5.0,0.0,0.0,0.0,0.0,0.0,0.0,0.0,1.0,1.0,2,2,1,1,0,0,0,0,0,0,1,1,17
602,2,3,2,2,1,1,1,0,0,0,0,1,1,0,0,0,5.0,1.0,0.0,0.0,0.0,0.0,0.0,0.0,0.0,0.0,1,1,1,1,0,0,1,0,0,0,0,2,15
603,1,3,1,2,1,1,2,0,1,0,0,1,1,0,0,0,4.0,1.0,1.0,1.0,0.0,1.0,0.0,1.0,0.0,1.0,2,3,1,2,1,0,1,0,0,0,0,2,16
604,2,2,1,2,1,1,1,1,1,1,1,1,1,0,0,0,4.0,0.0,0.0,0.0,0.0,0.0,0.0,0.0,1.0,0.0,1,1,1,2,0,0,0,0,0,0,1,1,14
605,2,4,1,2,1,1,3,1,1,0,0,1,1,0,1,0,5.0,1.0,0.0,0.0,0.0,0.0,0.0,0.0,0.0,0.0,1,1,2,2,0,0,0,0,0,0,1,1,15
606,2,4,3,2,1,1,1,0,1,0,0,1,1,0,0,0,5.0,0.0,0.0,0.0,0.0,0.0,0.0,0.0,1.0,0.0,1,1,2,1,0,0,0,0,0,0,1,1,14
607,1,4,4,2,1,1,1,1,1,1,1,1,1,1,1,0,2.0,0.0,0.0,0.0,0.0,0.0,0.0,0.0,1.0,1.0,98,1,1,1,0,0,0,0,0,0,1,2,16
608,2,1,1,2,1,1,2,1,1,1,1,1,1,0,0,0,2.0,1.0,1.0,1.0,1.0,0.0,1.0,1.0,0.0,1.0,2,1,1,1,1,0,0,0,1,0,0,1,13
609,1,3,2,2,1,1,1,1,0,1,1,1,1,0,0,0,5.0,0.0,0.0,0.0,0.0,0.0,0.0,0.0,1.0,1.0,3,3,2,2,0,0,0,0,0,0,1,2,15
610,2,2,3,2,1,1,1,0,1,0,0,0,0,0,0,0,,1.0,0.0,0.0,0.0,0.0,0.0,0.0,0.0,0.0,1,1,2,2,0,0,0,0,0,0,1,1,16
611,2,3,1,2,1,1,1,1,1,1,1,1,1,1,0,0,4.0,0.0,1.0,0.0,1.0,1.0,1.0,1.0,0.0,1.0,1,1,1,1,1,0,1,0,0,1,0,2,14
612,1,2,1,2,1,1,2,1,0,1,1,1,0,0,0,0,4.0,1.0,0.0,0.0,0.0,0.0,0.0,0.0,0.0,1.0,1,2,1,1,1,0,1,0,1,0,0,1,16
613,1,2,1,2,1,1,1,0,1,0,0,1,1,0,0,0,5.0,0.0,0.0,1.0,0.0,0.0,0.0,0.0,0.0,1.0,1,1,1,1,1,1,1,0,0,0,0,2,13
614,1,4,4,2,1,1,2,0,1,0,0,1,0,0,0,0,4.0,1.0,0.0,0.0,0.0,0.0,0.0,1.0,0.0,0.0,2,1,1,1,1,0,0,0,0,1,0,1,14
615,1,4,4,3,1,1,2,0,0,0,0,0,0,0,0,1,,,,,,,,,,0.0,2,2,2,1,1,1,1,0,0,0,0,1,13
616,2,4,4,1,2,1,5,0,0,0,0,0,1,0,0,0,,0.0,0.0,0.0,0.0,0.0,0.0,0.0,1.0,,2,3,3,3,0,0,0,0,0,0,1,1,14
617,2,1,2,2,1,1,1,0,0,0,0,1,1,0,0,0,4.0,1.0,0.0,0.0,0.0,0.0,0.0,0.0,0.0,0.0,1,1,1,1,0,0,0,0,0,0,1,2,16
618,2,3,1,2,1,1,2,0,1,0,0,1,1,0,0,0,4.0,1.0,0.0,1.0,0.0,0.0,0.0,0.0,0.0,0.0,1,1,1,1,1,1,1,0,0,0,0,2,13
619,2,3,2,2,1,1,2,0,1,0,0,1,1,0,0,0,4.0,0.0,1.0,0.0,0.0,0.0,0.0,0.0,0.0,1.0,1,2,2,1,0,0,1,0,0,0,0,1,15
620,2,2,2,2,1,2,1,0,1,1,1,1,1,0,0,0,4.0,1.0,1.0,1.0,0.0,1.0,0.0,1.0,0.0,0.0,2,1,1,2,0,0,0,0,0,0,1,1,14
621,1,3,1,2,2,1,2,0,0,1,1,1,1,0,0,0,3.0,0.0,0.0,0.0,0.0,0.0,0.0,0.0,1.0,,3,3,3,3,1,1,1,1,1,1,0,1,13
622,1,1,2,2,1,1,2,0,1,0,0,0,1,0,0,0,2.0,1.0,0.0,1.0,0.0,0.0,0.0,1.0,0.0,1.0,1,2,2,1,1,0,1,0,0,0,0,2,14
623,1,2,2,3,1,1,3,0,0,1,1,1,0,0,0,0,3.0,1.0,0.0,0.0,0.0,0.0,0.0,0.0,0.0,1.0,98,2,2,1,0,0,0,0,0,0,1,2,15
624,2,3,1,2,1,1,2,0,1,0,0,1,1,0,0,0,4.0,0.0,0.0,1.0,0.0,0.0,0.0,0.0,0.0,0.0,3,2,3,2,0,0,0,0,0,0,1,2,13
625,2,2,1,2,1,1,2,0,1,0,0,0,1,0,0,0,5.0,1.0,0.0,0.0,0.0,0.0,0.0,0.0,0.0,1.0,2,3,3,3,0,0,1,0,1,0,0,1,13
626,1,3,2,2,1,1,2,0,0,0,0,0,0,0,0,1,,,,,,,,,,0.0,2,1,1,1,0,0,0,0,0,0,1,1,13
627,1,2,2,3,1,1,1,0,1,1,1,1,1,0,0,0,2.0,0.0,0.0,0.0,0.0,0.0,0.0,0.0,1.0,1.0,1,1,1,1,0,0,0,0,0,0,1,2,16
628,1,1,1,2,1,1,1,0,0,0,0,0,1,1,0,0,5.0,0.0,0.0,0.0,0.0,0.0,0.0,0.0,1.0,1.0,3,3,3,3,0,0,0,0,0,0,1,1,15
629,2,3,2,2,1,1,1,1,1,1,1,1,1,0,0,0,3.0,1.0,1.0,1.0,0.0,0.0,0.0,1.0,0.0,0.0,1,1,1,1,1,0,1,1,0,1,0,2,15
630,1,2,2,2,1,1,2,1,1,0,0,1,1,1,0,0,2.0,0.0,0.0,0.0,0.0,0.0,0.0,1.0,0.0,0.0,1,1,2,2,1,1,1,0,1,0,0,2,13
631,1,1,2,2,1,1,3,0,1,1,1,1,1,0,0,0,3.0,0.0,0.0,1.0,0.0,0.0,0.0,0.0,0.0,0.0,1,2,1,1,0,0,0,0,1,1,0,1,13
632,2,2,1,3,1,1,2,0,0,1,1,1,1,0,0,0,3.0,1.0,0.0,1.0,0.0,0.0,0.0,0.0,0.0,0.0,1,1,1,1,0,0,0,0,0,0,1,2,14
633,2,2,1,4,1,1,2,0,1,0,0,1,1,0,0,0,4.0,1.0,0.0,1.0,0.0,0.0,0.0,0.0,0.0,0.0,3,3,3,3,0,0,0,0,0,0,1,2,13
634,2,4,3,4,1,1,1,0,1,1,1,1,1,0,0,0,4.0,0.0,0.0,0.0,0.0,0.0,0.0,0.0,1.0,0.0,2,2,3,1,0,0,0,0,0,0,1,2,17
635,1,4,1,2,1,1,1,0,0,0,0,1,0,0,0,0,,0.0,0.0,1.0,0.0,0.0,1.0,1.0,0.0,0.0,3,3,3,2,0,0,0,0,0,0,1,2,13
636,1,3,3,2,1,1,3,0,1,1,1,1,1,0,0,0,3.0,0.0,0.0,0.0,0.0,0.0,0.0,0.0,1.0,0.0,1,3,1,1,0,0,0,0,0,0,1,2,15
637,1,4,1,2,1,1,1,0,1,1,1,1,1,0,0,0,5.0,0.0,0.0,1.0,1.0,0.0,0.0,1.0,0.0,1.0,1,1,1,1,0,0,0,0,0,0,1,1,15
638,1,1,1,3,1,1,1,1,1,1,1,1,1,0,0,0,2.0,1.0,1.0,1.0,0.0,0.0,0.0,1.0,0.0,0.0,3,3,3,3,0,0,0,0,0,0,1,1,17
639,1,3,1,2,1,1,2,0,1,0,0,1,1,0,0,0,4.0,1.0,0.0,0.0,0.0,0.0,0.0,1.0,0.0,0.0,3,1,3,3,0,0,0,0,0,0,1,1,14
640,2,4,1,2,1,1,1,0,1,1,1,1,1,0,0,0,4.0,0.0,1.0,1.0,0.0,0.0,0.0,1.0,0.0,0.0,1,1,1,1,0,0,0,0,1,1,0,2,17
641,2,4,1,2,1,1,2,1,0,0,0,0,1,0,0,0,5.0,0.0,0.0,0.0,1.0,0.0,0.0,1.0,0.0,0.0,1,1,1,2,1,1,1,0,0,0,0,1,16
642,2,2,2,2,1,1,3,0,0,0,0,0,1,0,0,0,,0.0,0.0,0.0,0.0,0.0,0.0,0.0,1.0,0.0,1,1,1,1,1,0,0,0,0,1,0,1,17
643,2,1,2,4,1,1,1,1,1,1,1,1,1,0,0,0,5.0,0.0,0.0,0.0,0.0,0.0,0.0,0.0,1.0,0.0,1,1,1,2,1,0,1,0,0,0,0,1,15
644,2,3,1,2,1,1,2,0,1,0,0,1,1,0,0,0,4.0,0.0,0.0,1.0,1.0,0.0,0.0,0.0,0.0,0.0,2,2,1,1,0,0,0,0,0,0,1,2,15
645,2,1,1,2,1,1,1,1,1,1,1,1,1,0,0,0,4.0,1.0,1.0,1.0,0.0,0.0,0.0,1.0,0.0,0.0,1,1,1,2,0,0,0,0,0,0,1,2,13
646,2,3,1,2,1,1,2,0,0,1,1,0,1,0,1,0,6.0,0.0,0.0,0.0,1.0,1.0,0.0,1.0,0.0,0.0,1,1,1,1,1,1,1,1,1,1,0,2,17
647,1,2,1,2,1,2,1,0,0,1,1,0,1,0,0,0,3.0,0.0,0.0,0.0,0.0,0.0,0.0,0.0,0.0,1.0,1,2,1,1,0,0,0,0,0,0,1,1,17
648,2,3,1,2,1,1,2,0,0,1,1,0,0,0,0,0,,0.0,1.0,1.0,1.0,0.0,1.0,1.0,0.0,0.0,3,3,3,3,0,0,0,0,0,1,0,1,16
649,1,3,1,3,1,1,2,0,0,0,0,0,0,0,0,1,,,,,,,,,,0.0,1,2,1,1,0,0,0,0,0,0,1,1,16
650,2,1,2,2,1,1,1,1,1,0,0,1,1,0,0,0,1.0,1.0,1.0,1.0,0.0,0.0,0.0,0.0,0.0,0.0,1,1,1,1,1,0,1,0,0,0,0,1,17
651,2,3,1,2,1,1,1,0,1,1,1,1,1,0,0,0,4.0,1.0,0.0,1.0,0.0,0.0,0.0,0.0,0.0,1.0,2,2,1,2,0,0,0,0,0,0,1,1,17
652,1,3,3,2,1,1,2,0,0,0,0,0,1,0,0,0,,0.0,0.0,0.0,0.0,0.0,0.0,0.0,1.0,0.0,1,1,1,1,0,0,0,0,0,0,1,2,17
653,1,1,1,4,1,1,1,1,1,0,0,1,1,0,0,0,5.0,1.0,1.0,0.0,1.0,0.0,0.0,1.0,0.0,0.0,1,1,1,1,1,0,0,0,0,0,0,1,14
654,2,3,1,2,1,1,3,0,1,1,1,1,1,0,0,0,4.0,1.0,0.0,1.0,0.0,0.0,0.0,1.0,0.0,1.0,1,2,1,1,1,0,1,0,1,0,0,2,13
655,1,2,1,2,1,1,2,1,1,0,0,1,1,0,1,0,5.0,0.0,0.0,0.0,0.0,0.0,0.0,0.0,1.0,1.0,3,3,3,2,0,0,0,0,0,0,1,1,14
656,1,3,1,2,1,1,1,1,1,1,1,0,1,1,0,0,3.0,1.0,1.0,1.0,0.0,1.0,0.0,1.0,0.0,1.0,1,2,2,1,1,0,1,0,1,0,0,2,17
657,1,1,1,2,1,1,2,0,1,0,0,1,1,0,0,0,5.0,0.0,0.0,0.0,0.0,0.0,0.0,0.0,1.0,0.0,3,3,3,3,0,0,0,0,0,0,1,1,16
658,1,1,1,3,1,1,2,0,0,0,0,0,1,0,0,0,,1.0,1.0,1.0,1.0,1.0,0.0,1.0,0.0,0.0,1,2,1,1,1,0,1,0,0,0,0,2,13
659,1,2,2,2,1,1,3,0,1,1,1,0,1,0,0,0,3.0,0.0,0.0,1.0,0.0,0.0,1.0,0.0,0.0,0.0,2,2,2,2,1,0,1,0,0,0,0,2,16
660,1,2,3,2,1,2,1,0,1,1,1,1,0,0,0,0,3.0,0.0,0.0,0.0,0.0,1.0,0.0,0.0,0.0,0.0,1,1,1,1,0,0,0,0,0,0,1,1,16
661,1,3,1,2,1,1,2,1,1,1,1,1,1,1,0,0,3.0,1.0,0.0,1.0,0.0,1.0,0.0,1.0,0.0,1.0,1,1,2,3,1,0,1,0,1,0,0,1,16
662,1,3,1,2,1,1,2,0,1,1,1,1,1,0,0,0,2.0,1.0,1.0,1.0,0.0,0.0,0.0,0.0,0.0,1.0,1,1,2,1,1,0,1,0,0,0,0,2,17
663,2,4,4,2,1,1,4,0,0,0,0,0,1,0,0,0,,0.0,0.0,0.0,0.0,0.0,0.0,0.0,1.0,0.0,1,1,1,1,0,1,0,0,0,0,0,1,15
664,1,4,1,2,1,1,1,0,0,0,0,0,1,1,1,0,5.0,0.0,0.0,0.0,0.0,0.0,0.0,0.0,1.0,1.0,1,1,1,1,1,0,0,0,0,0,0,1,17
665,1,1,1,2,1,1,1,0,0,0,0,1,1,0,0,0,4.0,1.0,0.0,0.0,0.0,0.0,0.0,0.0,0.0,0.0,1,1,1,2,0,0,0,0,0,0,1,1,17
666,2,3,1,2,2,1,2,0,0,0,0,0,1,0,0,0,,0.0,0.0,0.0,0.0,0.0,0.0,0.0,1.0,0.0,1,1,1,1,0,0,0,0,0,0,1,1,15
667,2,3,1,2,1,1,1,1,1,1,1,1,1,0,0,0,2.0,0.0,0.0,0.0,0.0,0.0,0.0,0.0,1.0,0.0,1,1,1,1,0,0,0,0,0,0,1,1,15
668,2,2,1,3,1,1,2,0,1,1,1,0,0,0,0,0,3.0,0.0,0.0,1.0,0.0,0.0,0.0,0.0,0.0,0.0,2,1,3,3,0,0,0,0,0,0,1,1,16
669,2,4,1,2,1,1,1,0,1,0,0,0,1,0,0,0,5.0,0.0,0.0,1.0,0.0,0.0,1.0,1.0,0.0,0.0,3,2,1,2,1,0,0,0,1,1,0,1,15
670,2,3,3,2,1,1,2,1,1,1,1,0,1,0,0,0,5.0,0.0,1.0,1.0,1.0,0.0,0.0,1.0,0.0,1.0,2,2,1,1,0,0,1,0,0,0,0,1,14
671,1,1,1,2,1,1,1,1,1,1,1,1,1,0,0,0,2.0,1.0,1.0,1.0,0.0,1.0,0.0,1.0,0.0,0.0,3,3,3,2,0,0,0,0,1,0,0,2,15
672,2,2,1,2,1,1,2,0,1,1,1,0,1,0,0,0,3.0,0.0,0.0,0.0,0.0,0.0,0.0,0.0,1.0,0.0,2,2,2,2,0,0,0,0,0,0,1,2,16
673,2,4,1,3,1,1,2,0,0,0,0,1,1,0,0,0,5.0,1.0,0.0,1.0,0.0,0.0,0.0,0.0,0.0,0.0,1,1,1,1,0,0,0,0,0,0,1,2,14
674,1,4,1,2,1,1,1,0,1,0,0,0,1,0,0,0,5.0,0.0,0.0,0.0,0.0,0.0,0.0,0.0,1.0,1.0,1,2,1,1,1,0,0,0,0,0,0,1,16
675,2,3,2,2,1,1,2,0,1,1,1,1,1,0,0,0,4.0,0.0,0.0,1.0,0.0,0.0,0.0,0.0,0.0,0.0,2,2,2,1,1,0,0,1,0,0,0,1,16
676,2,2,1,2,1,1,1,1,1,1,1,1,1,1,0,0,4.0,1.0,1.0,0.0,0.0,1.0,0.0,0.0,0.0,1.0,1,1,2,2,0,0,1,0,1,1,0,2,17
677,1,2,1,2,1,2,1,0,1,1,1,1,0,0,0,0,3.0,1.0,0.0,1.0,0.0,1.0,0.0,1.0,0.0,0.0,2,2,2,2,0,0,1,0,1,0,0,2,15
678,2,4,1,2,1,1,1,0,1,0,0,1,1,0,0,0,4.0,0.0,0.0,0.0,0.0,0.0,0.0,0.0,1.0,1.0,1,1,2,1,1,0,1,0,0,1,0,2,14
679,2,2,2,4,1,1,1,1,0,1,1,1,1,0,1,0,5.0,1.0,0.0,1.0,0.0,0.0,0.0,0.0,0.0,0.0,2,3,2,2,1,0,0,0,0,0,0,1,17
680,1,3,1,2,1,1,1,0,1,0,0,1,1,0,0,0,2.0,1.0,1.0,1.0,0.0,0.0,0.0,0.0,0.0,0.0,1,1,2,1,0,0,0,0,0,0,1,2,17
681,2,3,1,2,1,1,2,0,1,1,1,1,1,0,0,0,3.0,0.0,0.0,0.0,0.0,0.0,0.0,1.0,0.0,1.0,1,1,1,2,1,1,1,0,0,0,0,2,13
682,1,2,2,2,1,1,2,0,0,0,0,0,0,0,0,1,,,,,,,,,,0.0,2,1,1,1,0,0,0,0,0,0,1,1,15
683,2,1,1,2,1,1,1,0,0,1,1,0,1,1,0,0,3.0,0.0,0.0,1.0,0.0,0.0,0.0,0.0,0.0,0.0,1,1,1,1,0,0,0,0,0,0,1,2,13
684,1,2,4,2,1,98,2,0,1,0,0,0,1,0,0,0,5.0,0.0,0.0,0.0,0.0,0.0,0.0,0.0,1.0,0.0,1,1,1,1,1,0,0,0,0,0,0,1,15
685,1,1,1,2,1,1,2,1,1,1,1,1,1,0,0,0,3.0,1.0,0.0,1.0,0.0,0.0,0.0,1.0,0.0,0.0,3,3,2,3,0,0,0,0,0,1,0,1,17
686,1,4,4,2,1,1,5,0,0,0,0,0,1,0,0,0,,0.0,0.0,0.0,0.0,0.0,0.0,0.0,1.0,1.0,2,2,2,2,0,0,0,0,0,1,0,2,13
687,1,2,1,2,1,1,1,0,1,1,1,1,1,0,0,0,4.0,0.0,0.0,0.0,0.0,0.0,0.0,0.0,1.0,1.0,1,3,2,3,0,0,0,0,0,0,1,2,14
688,2,4,2,2,1,1,1,0,0,0,0,0,1,0,0,0,,0.0,0.0,0.0,0.0,0.0,0.0,1.0,0.0,1.0,1,1,2,2,0,0,0,0,0,1,0,1,13
689,2,3,1,2,1,1,1,1,1,1,1,1,0,0,0,0,4.0,0.0,0.0,0.0,0.0,0.0,0.0,0.0,1.0,0.0,2,3,2,3,0,0,0,0,0,1,0,2,17
690,2,4,1,1,2,1,3,0,0,0,0,0,1,0,0,0,,0.0,0.0,0.0,0.0,0.0,0.0,0.0,1.0,,1,1,1,1,0,0,0,0,0,0,1,1,15
691,2,3,4,2,1,1,2,1,0,0,0,0,1,0,0,0,5.0,0.0,0.0,0.0,0.0,0.0,0.0,0.0,1.0,0.0,1,1,1,1,1,0,1,0,0,0,0,1,14
692,1,2,1,2,1,2,1,0,1,1,1,1,1,0,0,0,5.0,0.0,0.0,0.0,0.0,0.0,0.0,0.0,1.0,0.0,2,1,1,2,1,1,0,0,1,1,0,1,17
693,1,3,4,2,1,1,2,0,1,0,0,1,1,0,0,0,4.0,1.0,0.0,1.0,0.0,0.0,0.0,0.0,0.0,0.0,1,1,1,2,0,0,0,0,0,0,1,1,15
694,2,2,3,2,1,1,4,0,0,0,0,0,1,0,0,0,,0.0,0.0,0.0,0.0,0.0,0.0,0.0,1.0,0.0,2,2,2,1,1,1,0,0,0,1,0,1,13
695,1,1,1,4,1,1,1,0,0,1,1,0,1,0,0,0,3.0,1.0,0.0,1.0,1.0,0.0,0.0,1.0,0.0,1.0,1,1,2,1,1,0,1,1,1,0,0,2,14
696,1,4,1,2,2,1,1,0,0,1,1,0,1,0,0,0,5.0,0.0,0.0,0.0,0.0,0.0,0.0,0.0,1.0,,2,1,1,1,1,0,0,0,0,0,0,1,16
697,1,1,2,4,1,1,1,0,0,0,0,0,1,0,0,0,,0.0,0.0,0.0,0.0,0.0,0.0,0.0,1.0,0.0,3,3,3,3,0,0,0,0,0,0,1,2,16
698,2,2,1,2,1,1,2,0,1,0,0,0,0,0,0,0,,1.0,0.0,1.0,1.0,0.0,0.0,1.0,0.0,0.0,2,2,2,2,0,0,0,0,0,0,1,2,13
699,1,3,2,2,1,2,2,0,1,1,1,1,1,0,0,0,4.0,0.0,0.0,1.0,0.0,0.0,0.0,0.0,0.0,0.0,2,1,3,1,0,0,0,0,0,0,1,1,16
700,2,3,1,2,1,1,2,1,1,1,1,1,1,0,1,0,3.0,1.0,1.0,1.0,0.0,1.0,0.0,1.0,0.0,1.0,1,1,1,1,1,1,1,1,1,1,0,1,13
701,2,4,2,3,1,1,4,0,0,0,0,0,0,0,0,1,,,,,,,,,,0.0,1,1,1,1,1,0,0,0,1,1,0,2,14
702,1,1,1,2,1,1,1,1,1,1,1,1,1,0,0,0,4.0,1.0,0.0,0.0,0.0,0.0,0.0,0.0,0.0,1.0,2,2,2,1,0,0,0,0,1,1,0,1,17
703,2,1,1,2,1,2,2,0,0,0,0,1,1,0,0,0,4.0,0.0,0.0,0.0,0.0,1.0,0.0,0.0,0.0,0.0,2,2,2,2,0,0,0,0,1,0,0,2,15
704,1,4,1,2,1,1,1,1,1,1,1,1,1,1,1,0,2.0,0.0,0.0,0.0,0.0,1.0,0.0,1.0,0.0,1.0,1,1,1,1,1,1,1,1,0,0,0,2,14
705,2,3,2,2,1,1,1,1,1,1,1,0,1,0,0,0,5.0,0.0,0.0,0.0,0.0,0.0,0.0,0.0,1.0,1.0,1,1,2,1,1,1,1,1,1,1,0,1,15
706,2,3,1,3,1,1,1,0,1,0,0,1,1,0,0,0,2.0,0.0,0.0,0.0,0.0,0.0,0.0,0.0,1.0,1.0,2,3,1,1,0,0,0,0,0,0,1,2,13
707,1,1,1,2,1,2,2,0,1,0,0,1,0,0,0,0,4.0,0.0,0.0,1.0,0.0,0.0,0.0,0.0,0.0,0.0,1,1,1,1,0,0,0,0,0,0,1,1,14
708,2,1,1,2,1,1,1,0,1,0,0,1,1,0,0,0,4.0,0.0,0.0,1.0,0.0,0.0,0.0,0.0,0.0,1.0,3,3,3,3,0,0,0,0,0,0,1,2,14
709,1,3,4,2,1,1,1,0,0,1,1,0,1,0,0,0,5.0,0.0,0.0,0.0,0.0,0.0,0.0,0.0,1.0,0.0,1,2,1,2,0,0,0,0,0,0,1,1,14
710,2,3,1,2,1,1,2,0,1,1,1,1,1,0,0,0,2.0,1.0,1.0,0.0,0.0,0.0,1.0,1.0,0.0,0.0,1,1,1,1,1,1,1,0,1,1,0,2,16
711,1,3,3,2,1,1,1,1,1,1,1,1,1,1,0,0,4.0,0.0,0.0,0.0,0.0,0.0,0.0,0.0,1.0,1.0,1,1,1,1,1,0,0,0,0,0,0,1,15
712,1,4,4,2,1,1,3,0,0,0,0,0,0,0,0,1,,,,,,,,,,0.0,1,1,1,1,0,0,0,0,0,0,1,1,15
713,1,1,1,3,1,2,4,0,1,1,1,0,1,0,0,0,5.0,1.0,0.0,1.0,0.0,0.0,1.0,0.0,0.0,0.0,3,3,3,2,0,0,0,0,0,0,1,2,16
714,1,1,1,2,1,1,1,1,1,1,1,1,1,0,0,0,4.0,1.0,0.0,0.0,0.0,0.0,0.0,0.0,0.0,0.0,1,2,1,1,1,0,0,0,0,0,0,1,16
715,1,3,2,2,1,1,2,0,0,1,1,1,0,0,0,0,3.0,0.0,0.0,0.0,0.0,0.0,1.0,0.0,0.0,1.0,2,2,2,2,0,0,0,0,1,0,0,2,16
716,2,4,4,2,1,1,1,0,0,0,0,0,1,0,0,0,,0.0,0.0,1.0,0.0,0.0,0.0,0.0,0.0,0.0,1,1,1,1,1,0,0,0,0,0,0,1,13
717,1,2,1,2,1,1,1,1,1,1,1,1,1,0,0,0,3.0,0.0,0.0,1.0,1.0,0.0,0.0,1.0,0.0,0.0,1,1,2,1,0,0,0,0,0,0,1,2,16
718,2,2,2,2,1,1,1,0,1,0,0,0,1,0,0,0,5.0,0.0,0.0,0.0,0.0,0.0,0.0,0.0,1.0,0.0,2,2,2,2,0,0,0,0,0,0,1,1,13
719,1,3,2,2,2,1,4,0,0,0,0,0,1,0,0,0,,0.0,0.0,0.0,0.0,0.0,0.0,0.0,1.0,,1,1,1,1,0,0,0,0,0,0,1,2,16
720,2,2,1,3,1,1,2,1,1,1,1,1,1,0,1,0,2.0,0.0,0.0,1.0,0.0,0.0,0.0,0.0,0.0,1.0,1,1,1,1,0,0,1,0,0,0,0,2,13
721,2,3,1,2,1,1,2,0,1,0,0,0,1,0,0,0,2.0,1.0,0.0,1.0,0.0,0.0,0.0,0.0,0.0,1.0,1,1,1,1,0,0,0,0,0,1,0,1,13
722,1,4,4,1,1,2,1,1,1,1,1,1,1,0,0,0,4.0,0.0,1.0,1.0,0.0,0.0,0.0,1.0,0.0,1.0,1,1,1,1,1,1,1,1,1,1,0,2,13
723,2,3,3,2,2,1,2,0,0,0,0,0,1,0,0,0,,0.0,0.0,0.0,0.0,0.0,0.0,0.0,1.0,,2,2,3,2,0,0,0,0,0,0,1,2,13
724,2,3,2,2,1,1,2,0,0,0,0,1,1,0,0,0,4.0,0.0,0.0,1.0,0.0,0.0,0.0,1.0,0.0,1.0,1,2,2,1,0,0,0,0,0,0,1,2,13
725,2,3,4,2,2,2,5,0,1,0,0,1,0,0,0,0,4.0,1.0,0.0,0.0,0.0,0.0,0.0,0.0,0.0,,1,1,2,1,1,0,1,1,1,0,0,2,13
726,1,4,1,2,1,1,1,0,1,0,0,0,1,0,0,0,2.0,0.0,0.0,0.0,0.0,0.0,0.0,0.0,0.0,0.0,3,2,2,1,0,0,0,0,0,0,1,2,13
727,1,2,1,2,1,1,1,0,0,0,0,1,1,0,1,0,4.0,1.0,0.0,0.0,0.0,0.0,0.0,0.0,0.0,0.0,2,1,3,2,0,0,0,0,0,0,1,1,17
728,2,1,1,2,1,1,1,1,1,0,0,1,1,0,0,0,4.0,1.0,1.0,0.0,1.0,1.0,1.0,1.0,0.0,0.0,2,1,2,2,0,0,0,0,0,0,1,1,15
729,2,1,1,3,1,1,2,0,1,1,1,1,1,0,0,0,5.0,0.0,0.0,0.0,0.0,0.0,0.0,0.0,1.0,1.0,2,2,2,2,0,0,0,0,0,0,1,1,17
730,1,3,3,2,1,1,2,0,0,0,0,0,1,0,0,0,,0.0,0.0,0.0,0.0,0.0,0.0,0.0,1.0,0.0,1,1,1,1,0,0,0,0,0,0,1,1,13
731,1,3,1,2,1,1,2,0,1,0,0,1,1,0,0,0,4.0,0.0,0.0,1.0,0.0,0.0,0.0,1.0,0.0,1.0,1,1,1,1,0,0,0,0,0,1,0,2,16
732,1,2,2,2,1,1,1,0,1,1,1,1,1,0,0,0,4.0,1.0,0.0,1.0,0.0,0.0,0.0,1.0,0.0,0.0,1,1,1,1,1,0,1,0,0,1,0,1,14
733,2,4,1,2,1,1,1,0,1,1,1,1,1,0,0,0,4.0,0.0,0.0,0.0,0.0,0.0,0.0,0.0,1.0,0.0,3,3,3,3,0,0,0,1,0,0,0,2,16
734,1,2,1,2,1,1,1,0,1,1,1,1,1,0,0,0,3.0,1.0,0.0,1.0,0.0,0.0,0.0,1.0,0.0,1.0,2,2,2,1,1,0,0,0,0,0,0,2,14
735,2,2,1,2,1,1,1,1,1,1,1,1,1,0,0,0,3.0,1.0,0.0,1.0,0.0,1.0,0.0,1.0,0.0,1.0,2,1,1,1,1,1,1,0,0,1,0,2,17
736,1,1,3,2,1,2,1,1,1,1,1,1,1,0,0,0,3.0,0.0,0.0,1.0,0.0,0.0,0.0,0.0,0.0,0.0,1,1,1,2,1,0,1,0,0,0,0,2,14
737,2,4,1,3,1,1,2,0,1,0,0,1,1,0,0,0,4.0,1.0,0.0,1.0,0.0,0.0,0.0,0.0,0.0,0.0,1,1,1,2,1,0,1,0,0,1,0,2,13
738,2,3,4,2,1,1,4,0,0,1,1,1,0,0,0,0,4.0,0.0,0.0,0.0,0.0,0.0,0.0,0.0,1.0,0.0,2,2,2,2,0,0,1,0,0,0,0,2,13
739,2,3,2,2,1,1,2,0,0,0,0,1,1,0,0,0,5.0,0.0,0.0,0.0,0.0,0.0,0.0,0.0,1.0,0.0,98,98,98,98,0,0,0,0,0,0,1,2,14
740,1,4,1,2,1,1,1,1,1,1,1,0,1,0,0,0,5.0,1.0,0.0,1.0,0.0,0.0,0.0,0.0,0.0,0.0,1,3,1,1,0,0,0,0,0,0,1,1,13
741,1,3,4,3,1,1,2,0,1,0,0,1,1,0,0,0,4.0,0.0,0.0,0.0,0.0,0.0,0.0,0.0,1.0,0.0,3,3,3,2,0,0,0,0,0,0,1,1,14
742,1,2,1,2,1,1,2,1,1,1,1,1,1,0,0,0,3.0,1.0,0.0,1.0,0.0,1.0,0.0,1.0,0.0,0.0,1,2,3,3,0,0,0,0,0,0,1,2,13
